/*!40101 SET @OLD_CHARACTER_SET_CLIENT=@@CHARACTER_SET_CLIENT */;
/*!40101 SET @OLD_CHARACTER_SET_RESULTS=@@CHARACTER_SET_RESULTS */;
/*!40101 SET @OLD_COLLATION_CONNECTION=@@COLLATION_CONNECTION */;
/*!40101 SET NAMES utf8mb4 */;
/*!40014 SET @OLD_UNIQUE_CHECKS=@@UNIQUE_CHECKS, UNIQUE_CHECKS=0 */;
/*!40014 SET @OLD_FOREIGN_KEY_CHECKS=@@FOREIGN_KEY_CHECKS, FOREIGN_KEY_CHECKS=0 */;
/*!40101 SET @OLD_SQL_MODE=@@SQL_MODE, SQL_MODE='NO_AUTO_VALUE_ON_ZERO' */;
/*!40111 SET @OLD_SQL_NOTES=@@SQL_NOTES, SQL_NOTES=0 */;

CREATE TABLE `accounts` (
  `id` bigint unsigned NOT NULL AUTO_INCREMENT,
  `name` varchar(255) COLLATE utf8mb4_unicode_ci NOT NULL,
  `balance` decimal(10,2) NOT NULL,
  `created_at` timestamp NULL DEFAULT NULL,
  `updated_at` timestamp NULL DEFAULT NULL,
  PRIMARY KEY (`id`)
) ENGINE=InnoDB AUTO_INCREMENT=17 DEFAULT CHARSET=utf8mb4 COLLATE=utf8mb4_unicode_ci;

CREATE TABLE `buy_transactions` (
  `id` bigint unsigned NOT NULL AUTO_INCREMENT,
  `account_id` bigint unsigned NOT NULL,
  `from` varchar(255) COLLATE utf8mb4_unicode_ci NOT NULL,
  `amount` decimal(10,2) NOT NULL,
  `created_at` timestamp NULL DEFAULT NULL,
  `updated_at` timestamp NULL DEFAULT NULL,
  PRIMARY KEY (`id`),
  KEY `buy_transactions_account_id_foreign` (`account_id`),
  CONSTRAINT `buy_transactions_account_id_foreign` FOREIGN KEY (`account_id`) REFERENCES `accounts` (`id`) ON DELETE CASCADE
) ENGINE=InnoDB AUTO_INCREMENT=123 DEFAULT CHARSET=utf8mb4 COLLATE=utf8mb4_unicode_ci;

CREATE TABLE `categories` (
  `id` bigint unsigned NOT NULL AUTO_INCREMENT,
  `name` varchar(255) COLLATE utf8mb4_unicode_ci NOT NULL,
  `image` varchar(255) COLLATE utf8mb4_unicode_ci DEFAULT NULL,
  `created_at` timestamp NULL DEFAULT NULL,
  `updated_at` timestamp NULL DEFAULT NULL,
  PRIMARY KEY (`id`)
) ENGINE=InnoDB AUTO_INCREMENT=4 DEFAULT CHARSET=utf8mb4 COLLATE=utf8mb4_unicode_ci;

CREATE TABLE `customers` (
  `id` bigint unsigned NOT NULL AUTO_INCREMENT,
  `name` varchar(255) COLLATE utf8mb4_unicode_ci NOT NULL,
  `phone_number` varchar(255) COLLATE utf8mb4_unicode_ci NOT NULL,
  `email` varchar(255) COLLATE utf8mb4_unicode_ci DEFAULT NULL,
  `address` text COLLATE utf8mb4_unicode_ci NOT NULL,
  `created_at` timestamp NULL DEFAULT NULL,
  `updated_at` timestamp NULL DEFAULT NULL,
  PRIMARY KEY (`id`),
  UNIQUE KEY `customers_phone_number_unique` (`phone_number`),
  UNIQUE KEY `customers_email_unique` (`email`)
) ENGINE=InnoDB AUTO_INCREMENT=113 DEFAULT CHARSET=utf8mb4 COLLATE=utf8mb4_unicode_ci;

CREATE TABLE `expenses` (
  `id` bigint unsigned NOT NULL AUTO_INCREMENT,
  `description` varchar(255) COLLATE utf8mb4_unicode_ci NOT NULL,
  `amount` decimal(10,2) NOT NULL,
  `account_id` bigint unsigned NOT NULL,
  `created_at` timestamp NULL DEFAULT NULL,
  `updated_at` timestamp NULL DEFAULT NULL,
  PRIMARY KEY (`id`),
  KEY `expenses_account_id_foreign` (`account_id`),
  CONSTRAINT `expenses_account_id_foreign` FOREIGN KEY (`account_id`) REFERENCES `accounts` (`id`)
) ENGINE=InnoDB AUTO_INCREMENT=39 DEFAULT CHARSET=utf8mb4 COLLATE=utf8mb4_unicode_ci;

CREATE TABLE `failed_jobs` (
  `id` bigint unsigned NOT NULL AUTO_INCREMENT,
  `uuid` varchar(255) COLLATE utf8mb4_unicode_ci NOT NULL,
  `connection` text COLLATE utf8mb4_unicode_ci NOT NULL,
  `queue` text COLLATE utf8mb4_unicode_ci NOT NULL,
  `payload` longtext COLLATE utf8mb4_unicode_ci NOT NULL,
  `exception` longtext COLLATE utf8mb4_unicode_ci NOT NULL,
  `failed_at` timestamp NOT NULL DEFAULT CURRENT_TIMESTAMP,
  PRIMARY KEY (`id`),
  UNIQUE KEY `failed_jobs_uuid_unique` (`uuid`)
) ENGINE=InnoDB DEFAULT CHARSET=utf8mb4 COLLATE=utf8mb4_unicode_ci;

CREATE TABLE `investments` (
  `id` bigint unsigned NOT NULL AUTO_INCREMENT,
  `description` varchar(255) COLLATE utf8mb4_unicode_ci NOT NULL,
  `amount` decimal(10,2) NOT NULL,
  `created_at` timestamp NULL DEFAULT NULL,
  `updated_at` timestamp NULL DEFAULT NULL,
  PRIMARY KEY (`id`)
) ENGINE=InnoDB AUTO_INCREMENT=9 DEFAULT CHARSET=utf8mb4 COLLATE=utf8mb4_unicode_ci;

CREATE TABLE `invoices` (
  `id` bigint unsigned NOT NULL AUTO_INCREMENT,
  `invoice_number` varchar(255) COLLATE utf8mb4_unicode_ci NOT NULL,
  `customer_id` bigint unsigned NOT NULL,
  `discount` decimal(10,2) NOT NULL DEFAULT '0.00',
  `delivery_charge` decimal(10,2) NOT NULL DEFAULT '0.00',
  `delivery_system` varchar(255) COLLATE utf8mb4_unicode_ci NOT NULL,
  `note` text COLLATE utf8mb4_unicode_ci,
  `total_expense` decimal(10,2) NOT NULL DEFAULT '0.00',
  `total_sale` decimal(10,2) NOT NULL DEFAULT '0.00',
  `net_profit` decimal(10,2) NOT NULL DEFAULT '0.00',
  `delivery_status` varchar(255) COLLATE utf8mb4_unicode_ci NOT NULL,
  `created_at` timestamp NULL DEFAULT NULL,
  `updated_at` timestamp NULL DEFAULT NULL,
  PRIMARY KEY (`id`),
  UNIQUE KEY `invoices_invoice_number_unique` (`invoice_number`),
  KEY `invoices_customer_id_foreign` (`customer_id`),
  CONSTRAINT `invoices_customer_id_foreign` FOREIGN KEY (`customer_id`) REFERENCES `customers` (`id`) ON DELETE CASCADE
) ENGINE=InnoDB AUTO_INCREMENT=164 DEFAULT CHARSET=utf8mb4 COLLATE=utf8mb4_unicode_ci;

CREATE TABLE `migrations` (
  `id` int unsigned NOT NULL AUTO_INCREMENT,
  `migration` varchar(255) COLLATE utf8mb4_unicode_ci NOT NULL,
  `batch` int NOT NULL,
  PRIMARY KEY (`id`)
) ENGINE=InnoDB AUTO_INCREMENT=23 DEFAULT CHARSET=utf8mb4 COLLATE=utf8mb4_unicode_ci;

CREATE TABLE `orders` (
  `id` bigint unsigned NOT NULL AUTO_INCREMENT,
  `invoice_id` bigint unsigned NOT NULL,
  `product_id` bigint unsigned NOT NULL,
  `customer_id` bigint unsigned NOT NULL,
  `quantity` int NOT NULL,
  `total_amount` decimal(10,2) NOT NULL,
  `created_at` timestamp NULL DEFAULT NULL,
  `updated_at` timestamp NULL DEFAULT NULL,
  `total` decimal(10,2) DEFAULT NULL,
  PRIMARY KEY (`id`),
  KEY `orders_invoice_id_foreign` (`invoice_id`),
  KEY `orders_product_id_foreign` (`product_id`),
  KEY `orders_customer_id_foreign` (`customer_id`),
  CONSTRAINT `orders_customer_id_foreign` FOREIGN KEY (`customer_id`) REFERENCES `customers` (`id`),
  CONSTRAINT `orders_invoice_id_foreign` FOREIGN KEY (`invoice_id`) REFERENCES `invoices` (`id`) ON DELETE CASCADE,
  CONSTRAINT `orders_product_id_foreign` FOREIGN KEY (`product_id`) REFERENCES `products` (`id`)
) ENGINE=InnoDB AUTO_INCREMENT=200 DEFAULT CHARSET=utf8mb4 COLLATE=utf8mb4_unicode_ci;

CREATE TABLE `password_reset_tokens` (
  `email` varchar(255) COLLATE utf8mb4_unicode_ci NOT NULL,
  `token` varchar(255) COLLATE utf8mb4_unicode_ci NOT NULL,
  `created_at` timestamp NULL DEFAULT NULL,
  PRIMARY KEY (`email`)
) ENGINE=InnoDB DEFAULT CHARSET=utf8mb4 COLLATE=utf8mb4_unicode_ci;

CREATE TABLE `personal_access_tokens` (
  `id` bigint unsigned NOT NULL AUTO_INCREMENT,
  `tokenable_type` varchar(255) COLLATE utf8mb4_unicode_ci NOT NULL,
  `tokenable_id` bigint unsigned NOT NULL,
  `name` varchar(255) COLLATE utf8mb4_unicode_ci NOT NULL,
  `token` varchar(64) COLLATE utf8mb4_unicode_ci NOT NULL,
  `abilities` text COLLATE utf8mb4_unicode_ci,
  `last_used_at` timestamp NULL DEFAULT NULL,
  `expires_at` timestamp NULL DEFAULT NULL,
  `created_at` timestamp NULL DEFAULT NULL,
  `updated_at` timestamp NULL DEFAULT NULL,
  PRIMARY KEY (`id`),
  UNIQUE KEY `personal_access_tokens_token_unique` (`token`),
  KEY `personal_access_tokens_tokenable_type_tokenable_id_index` (`tokenable_type`,`tokenable_id`)
) ENGINE=InnoDB DEFAULT CHARSET=utf8mb4 COLLATE=utf8mb4_unicode_ci;

CREATE TABLE `products` (
  `id` bigint unsigned NOT NULL AUTO_INCREMENT,
  `name` varchar(255) COLLATE utf8mb4_unicode_ci NOT NULL,
  `short_description` varchar(255) COLLATE utf8mb4_unicode_ci NOT NULL,
  `description` text COLLATE utf8mb4_unicode_ci NOT NULL,
  `image` varchar(255) COLLATE utf8mb4_unicode_ci NOT NULL,
  `image_gallery` longtext CHARACTER SET utf8mb4 COLLATE utf8mb4_bin,
  `author` varchar(255) COLLATE utf8mb4_unicode_ci NOT NULL,
  `regular_price` decimal(10,2) DEFAULT NULL,
  `sale_price` decimal(10,2) DEFAULT NULL,
  `stock_quantity` int unsigned NOT NULL,
  `category_id` bigint unsigned NOT NULL,
  `created_at` timestamp NULL DEFAULT NULL,
  `updated_at` timestamp NULL DEFAULT NULL,
  `purchase_price` decimal(10,2) DEFAULT NULL,
  `pdf_file` varchar(255) COLLATE utf8mb4_unicode_ci DEFAULT NULL,
  PRIMARY KEY (`id`),
  KEY `products_category_id_foreign` (`category_id`),
  CONSTRAINT `products_category_id_foreign` FOREIGN KEY (`category_id`) REFERENCES `categories` (`id`) ON DELETE CASCADE,
  CONSTRAINT `products_chk_1` CHECK (json_valid(`image_gallery`))
) ENGINE=InnoDB AUTO_INCREMENT=68 DEFAULT CHARSET=utf8mb4 COLLATE=utf8mb4_unicode_ci;

CREATE TABLE `sell_transactions` (
  `id` bigint unsigned NOT NULL AUTO_INCREMENT,
  `account_id` bigint unsigned NOT NULL,
  `from` varchar(255) COLLATE utf8mb4_unicode_ci NOT NULL,
  `amount` decimal(10,2) NOT NULL,
  `created_at` timestamp NULL DEFAULT NULL,
  `updated_at` timestamp NULL DEFAULT NULL,
  PRIMARY KEY (`id`),
  KEY `sell_transactions_account_id_foreign` (`account_id`),
  CONSTRAINT `sell_transactions_account_id_foreign` FOREIGN KEY (`account_id`) REFERENCES `accounts` (`id`) ON DELETE CASCADE
) ENGINE=InnoDB AUTO_INCREMENT=212 DEFAULT CHARSET=utf8mb4 COLLATE=utf8mb4_unicode_ci;

CREATE TABLE `users` (
  `id` bigint unsigned NOT NULL AUTO_INCREMENT,
  `name` varchar(255) COLLATE utf8mb4_unicode_ci NOT NULL,
  `email` varchar(255) COLLATE utf8mb4_unicode_ci NOT NULL,
  `phone_number` varchar(255) COLLATE utf8mb4_unicode_ci NOT NULL,
  `email_verified_at` timestamp NULL DEFAULT NULL,
  `password` varchar(255) COLLATE utf8mb4_unicode_ci NOT NULL,
  `remember_token` varchar(100) COLLATE utf8mb4_unicode_ci DEFAULT NULL,
  `created_at` timestamp NULL DEFAULT NULL,
  `updated_at` timestamp NULL DEFAULT NULL,
  PRIMARY KEY (`id`),
  UNIQUE KEY `users_email_unique` (`email`),
  UNIQUE KEY `users_phone_number_unique` (`phone_number`)
) ENGINE=InnoDB AUTO_INCREMENT=2 DEFAULT CHARSET=utf8mb4 COLLATE=utf8mb4_unicode_ci;

INSERT INTO `accounts` (`id`, `name`, `balance`, `created_at`, `updated_at`) VALUES
(12, 'Nagad', 1144.00, '2023-10-16 10:00:00', '2024-04-08 01:42:52');
INSERT INTO `accounts` (`id`, `name`, `balance`, `created_at`, `updated_at`) VALUES
(13, 'BKASH', 187.00, '2023-10-16 10:00:00', '2024-04-08 01:44:44');
INSERT INTO `accounts` (`id`, `name`, `balance`, `created_at`, `updated_at`) VALUES
(14, 'Al-Amin Master Card', 78.00, '2023-10-16 10:00:00', '2023-11-07 18:31:16');
INSERT INTO `accounts` (`id`, `name`, `balance`, `created_at`, `updated_at`) VALUES
(15, 'Pending Amount', 18806.00, '2023-10-16 10:00:00', '2024-04-08 01:46:09'),
(16, 'Dual Currency Ads Account', 4197.00, '2023-11-05 10:00:00', '2024-04-08 01:46:09');

INSERT INTO `buy_transactions` (`id`, `account_id`, `from`, `amount`, `created_at`, `updated_at`) VALUES
(3, 12, 'Tahmid 17-10', 1035.00, '2023-10-18 19:42:49', '2023-10-18 19:42:49');
INSERT INTO `buy_transactions` (`id`, `account_id`, `from`, `amount`, `created_at`, `updated_at`) VALUES
(4, 12, 'Tahmid 18-10', 610.00, '2023-10-18 19:43:46', '2023-10-18 19:43:46');
INSERT INTO `buy_transactions` (`id`, `account_id`, `from`, `amount`, `created_at`, `updated_at`) VALUES
(5, 12, 'Ismail Vai 10-10', 5565.00, '2023-10-20 03:34:13', '2023-10-20 03:34:13');
INSERT INTO `buy_transactions` (`id`, `account_id`, `from`, `amount`, `created_at`, `updated_at`) VALUES
(6, 12, 'Tahmid 19-10', 571.00, '2023-10-20 03:36:20', '2023-10-20 03:36:20'),
(7, 12, 'Tahmid 21-10', 2460.00, '2023-10-21 15:03:52', '2023-10-21 15:03:52'),
(8, 12, 'Tahmid', 300.00, '2023-10-22 19:25:08', '2023-10-22 19:25:08'),
(9, 12, 'Tahmid 23-10', 1317.00, '2023-10-25 13:46:59', '2023-10-25 13:46:59'),
(10, 12, 'Tahmid 25-10', 2580.00, '2023-10-25 14:47:56', '2023-10-25 14:47:56'),
(11, 12, 'Tahmid 26-10', 3850.00, '2023-10-28 22:18:37', '2023-10-28 22:18:37'),
(12, 12, 'Tahmid 28-10', 3322.00, '2023-10-28 22:19:07', '2023-10-28 22:19:07'),
(13, 12, 'Tahmid 29-10', 750.00, '2023-10-29 14:06:13', '2023-10-29 14:06:13'),
(14, 13, 'Mona #387', 1730.00, '2023-10-29 15:27:10', '2023-10-29 15:27:10'),
(15, 12, 'Ismail Vai 30-10', 3905.00, '2023-10-30 13:28:48', '2023-10-30 13:28:48'),
(16, 12, 'Tahmid 30-10', 1060.00, '2023-10-30 13:29:23', '2023-10-30 13:29:23'),
(17, 12, 'Tahmid 31-10', 375.00, '2023-10-31 17:01:28', '2023-10-31 17:01:28'),
(18, 12, 'Tahmid 02-11', 4707.00, '2023-11-02 16:46:31', '2023-11-02 16:46:31'),
(19, 12, 'Tahmid 07-11-2023', 1366.00, '2023-11-07 18:37:37', '2023-11-07 18:37:37'),
(20, 12, 'Tahmid 08-11-2023', 2967.00, '2023-11-08 19:41:29', '2023-11-08 19:41:29'),
(21, 12, 'Tahmid 09-11-2023', 960.00, '2023-11-12 03:31:19', '2023-11-12 03:31:19'),
(22, 12, 'Tahmid 11-11-2023', 4333.00, '2023-11-12 03:31:46', '2023-11-12 03:31:46'),
(23, 12, 'Ismail Vai 11-11', 4305.00, '2023-11-12 03:58:56', '2023-11-12 03:58:56'),
(24, 12, 'Tahmid 13-11-2023', 997.00, '2023-11-13 20:23:01', '2023-11-13 20:23:01'),
(25, 12, 'Tahmid 14-11-2023', 1320.00, '2023-11-15 03:20:33', '2023-11-15 03:20:33'),
(26, 12, 'Tahmid 15-11-2023', 305.00, '2023-11-21 00:09:18', '2023-11-21 00:09:18'),
(27, 12, 'Ismail vai 15-11-2023', 3745.00, '2023-11-21 00:09:58', '2023-11-21 00:09:58'),
(28, 12, 'Tahmid 16-11-2023', 700.00, '2023-11-21 00:11:19', '2023-11-21 00:11:19'),
(29, 12, 'Tahmid 30-11-2023', 1770.00, '2023-11-30 11:56:48', '2023-11-30 11:56:48'),
(30, 12, 'Tahmid 03-12-2023', 2370.00, '2023-12-05 16:24:47', '2023-12-05 16:24:47'),
(31, 12, 'Tahmid 05-122023', 1847.00, '2023-12-05 16:25:21', '2023-12-05 16:25:21'),
(32, 12, 'Tahmid 06-12-2023', 1012.00, '2023-12-10 14:52:04', '2023-12-10 14:52:04'),
(33, 12, 'Ismail Vai 06-12-2023', 3350.00, '2023-12-10 14:52:40', '2023-12-10 14:52:40'),
(34, 12, 'Tahmid 07-12-2023', 458.00, '2023-12-10 14:53:22', '2023-12-10 14:53:22'),
(35, 12, 'Tahmid 09-12-2023', 1570.00, '2023-12-10 14:57:49', '2023-12-10 14:57:49'),
(36, 12, 'Ismail Vai 09-12-2023', 2635.00, '2023-12-10 14:58:32', '2023-12-10 14:58:32'),
(37, 12, 'Tahmid 10-12-2023', 2001.00, '2023-12-18 14:39:41', '2023-12-18 14:39:41'),
(38, 12, 'Tahmid 11-12-2023', 1493.00, '2023-12-18 14:44:40', '2023-12-18 14:44:40'),
(39, 12, 'Tahmid 11-12-2023', 495.00, '2023-12-18 14:45:20', '2023-12-18 14:45:20'),
(40, 12, 'Tahmid 12-12-2023', 333.00, '2023-12-18 14:46:04', '2023-12-18 14:46:04'),
(41, 12, 'Tahmid 13-12-2023', 1379.00, '2023-12-18 14:46:33', '2023-12-18 14:46:33'),
(42, 12, 'Tahmid 14-12-2023', 579.00, '2023-12-18 14:47:35', '2023-12-18 14:47:35'),
(43, 12, 'Tahmid 17-12-2023', 7851.00, '2023-12-18 14:49:08', '2023-12-18 14:49:08'),
(44, 12, 'Ismail Vai 17-12-2023', 3370.00, '2023-12-18 14:49:47', '2023-12-18 14:49:47'),
(45, 12, 'Tahmid 18-12-2023', 1293.00, '2023-12-18 14:50:45', '2023-12-18 14:50:45'),
(46, 12, 'Ismail Vai 19-12-2023', 4325.00, '2023-12-25 19:42:24', '2023-12-25 19:42:24'),
(47, 12, 'Ismail Vai 30-12-2023', 3585.00, '2024-01-05 22:13:47', '2024-01-05 22:13:47'),
(48, 12, '01-01-2024 Ismail vai', 8270.00, '2024-01-05 22:17:44', '2024-01-05 22:17:44'),
(49, 12, '03-01-2024 Ismail vai', 2103.00, '2024-01-05 22:18:26', '2024-01-05 22:18:26'),
(50, 12, 'Ismail Vai 04-01-2024 (2bare)', 3163.00, '2024-01-05 22:20:35', '2024-01-05 22:20:35'),
(51, 12, 'Ismail Vai 06-01-2024', 4915.00, '2024-01-06 15:46:33', '2024-01-06 15:46:33'),
(52, 12, 'Tahmid 09-01-2024 (Dokan)', 2000.00, '2024-01-24 16:45:03', '2024-01-24 16:45:03'),
(53, 12, 'Tahmid 10-01-2024', 493.00, '2024-01-24 16:48:01', '2024-01-24 16:48:01'),
(54, 12, 'Ismail Vai 18-01-2024 (7diner bil soho)', 2690.00, '2024-01-24 16:56:35', '2024-01-24 16:56:35'),
(55, 12, 'Tahmid 21-01-2024', 680.00, '2024-01-24 16:58:16', '2024-01-24 16:58:16'),
(56, 12, 'Tahmid 23-01-2024', 1815.00, '2024-01-24 16:59:26', '2024-01-24 16:59:26'),
(57, 12, 'Tahmid 24-01-2024', 1265.00, '2024-01-31 15:39:01', '2024-01-31 15:39:01'),
(58, 12, 'Tahmid 25-01-2024', 1392.00, '2024-01-31 15:40:09', '2024-01-31 15:40:09'),
(59, 12, 'Tahmid 27-01-2024', 2821.00, '2024-01-31 15:42:30', '2024-01-31 15:42:30'),
(60, 12, 'Tahmid 28-01-2024', 2319.00, '2024-01-31 15:43:53', '2024-01-31 15:43:53'),
(61, 12, 'Tahmid 31-01-2024', 976.00, '2024-01-31 15:45:15', '2024-01-31 15:45:15'),
(62, 12, 'Tahmid 06-02-2024', 2088.00, '2024-02-11 17:16:59', '2024-02-11 17:16:59'),
(63, 12, 'Tahmid 08-02-2024 (from hasan vai)', 6950.00, '2024-02-11 17:22:19', '2024-02-11 17:22:19'),
(64, 12, 'Tahmid 12-02-2024', 2572.00, '2024-02-12 14:06:14', '2024-02-12 14:06:14'),
(65, 12, 'Tahmid 13-02-2024 (Genji + boi from hasan vai)', 5420.00, '2024-02-13 17:12:58', '2024-02-13 17:12:58'),
(66, 12, 'Tahmid 14-02-2024', 245.00, '2024-02-15 11:49:04', '2024-02-15 11:49:04'),
(67, 12, 'Tahmid 15-02-2024', 2230.00, '2024-02-20 18:36:41', '2024-02-20 18:36:41'),
(68, 12, 'Tahmid 17-02-2024 (hasan vai)', 2845.00, '2024-02-20 18:37:48', '2024-02-20 18:37:48'),
(69, 12, 'Tahmid 18-02-2024', 220.00, '2024-02-20 18:39:11', '2024-02-20 18:39:11'),
(70, 12, 'Tahmid 19-02-2024', 2270.00, '2024-02-20 18:39:41', '2024-02-20 18:39:41'),
(71, 12, 'Tahmid 21-02-2024', 2265.00, '2024-02-21 16:38:09', '2024-02-21 16:38:09'),
(72, 16, 'Tahmid 22-02-2024', 3360.00, '2024-02-22 15:30:24', '2024-02-22 15:30:24'),
(73, 16, 'Tahmid 22-02-2023 (Abar)', 396.00, '2024-02-22 15:37:38', '2024-02-22 15:37:38'),
(74, 13, 'Ferot to Customer', 330.00, '2024-02-25 00:01:04', '2024-02-25 00:01:04'),
(75, 12, 'Tahmid 24-02-2024', 1250.00, '2024-02-25 00:02:04', '2024-02-25 00:02:04'),
(76, 12, 'Tahmid 25-02-2024', 5300.00, '2024-02-25 16:36:53', '2024-02-25 16:36:53');
INSERT INTO `buy_transactions` (`id`, `account_id`, `from`, `amount`, `created_at`, `updated_at`) VALUES
(77, 16, 'Tahmid 25-02-2024 (2nd bar)', 1350.00, '2024-02-25 18:37:41', '2024-02-25 18:37:41'),
(78, 12, 'Tahmid 28-02-2024', 965.00, '2024-02-28 22:39:25', '2024-02-28 22:39:25'),
(79, 12, 'Tahmid 27-02-2024 (2nd bar)', 835.00, '2024-02-28 22:39:54', '2024-02-28 22:39:54'),
(80, 16, 'Tahmid 28-02-2024', 1600.00, '2024-02-28 22:42:33', '2024-02-28 22:42:33'),
(81, 16, 'Jersey (hayater din furale 2nd lot) Advance', 1000.00, '2024-02-28 22:48:41', '2024-02-28 22:48:41'),
(82, 16, 'Tahmid 29-02-2024', 1210.00, '2024-02-29 10:56:28', '2024-02-29 10:56:28'),
(83, 16, 'Tahmid 29-02-2024 (2nd bar)', 320.00, '2024-03-02 01:47:04', '2024-03-02 01:47:04'),
(84, 12, 'Tahmid 02-03-2024', 3300.00, '2024-03-03 15:57:51', '2024-03-03 15:57:51'),
(85, 16, 'Jersey (hayater din furale 2nd lot) Full payment 16000 02-03-2024', 16000.00, '2024-03-03 16:07:09', '2024-03-03 16:07:09'),
(86, 16, 'Tahmid 03-03-2024 ( Benjirer theke newa akhane invest a uthano hoice jonno akhane theke kina lekha holo)', 3350.00, '2024-03-03 16:08:01', '2024-03-03 16:08:01'),
(87, 13, 'Tahmid 04-03-2024', 3650.00, '2024-03-04 16:56:35', '2024-03-04 16:56:35'),
(88, 13, 'Tahmid Cashout with fee 06-03-2024', 3300.00, '2024-03-07 23:57:32', '2024-03-07 23:57:32'),
(89, 13, 'DT rider Delivery charge 07-03-2024', 45.00, '2024-03-08 00:01:13', '2024-03-08 00:01:13'),
(90, 13, 'Tahmid with cashout fee 07-03-2024', 812.00, '2024-03-08 00:01:52', '2024-03-08 00:01:52'),
(91, 12, 'Tahmid 06-03-2024', 5850.00, '2024-03-08 00:03:31', '2024-03-08 00:03:31'),
(92, 12, 'Tahmid 07-03-2024', 817.00, '2024-03-08 00:03:58', '2024-03-08 00:03:58'),
(93, 12, 'Tahmid 07-03-2024', 3300.00, '2024-03-08 00:04:29', '2024-03-08 00:04:29'),
(94, 12, 'Tahmid 09-03-2024', 6487.00, '2024-03-09 22:20:58', '2024-03-09 22:20:58'),
(95, 12, 'Tahmid 10-03-2024', 2325.00, '2024-03-10 16:22:02', '2024-03-10 16:22:02'),
(96, 13, 'Tahmid 10-03-2024 (bkash with charge)', 4060.00, '2024-03-10 16:22:47', '2024-03-10 16:22:47'),
(97, 13, 'Tahmid 11-03-2024 Bkash Cashout with charge', 2135.00, '2024-03-11 12:27:01', '2024-03-11 12:27:01'),
(98, 12, 'Tahmid 11-03-2024', 3075.00, '2024-03-11 12:27:35', '2024-03-11 12:27:35'),
(99, 16, 'Tahmid 12-03-2024', 1200.00, '2024-03-13 14:08:39', '2024-03-13 14:08:39'),
(100, 16, 'Tahmid 13-03-2024', 250.00, '2024-03-13 16:07:14', '2024-03-13 16:07:14'),
(101, 16, 'Tahmid 14-03-2024', 1025.00, '2024-03-15 00:52:16', '2024-03-15 00:52:16'),
(102, 16, 'Ismail Vai 15-03-2024', 6760.00, '2024-03-15 00:53:17', '2024-03-15 00:53:17'),
(103, 16, '17-03-2024 Tahmid', 1470.00, '2024-03-23 03:49:21', '2024-03-23 03:49:21'),
(104, 12, '18-03-2024 Tahmid NAgad', 1805.00, '2024-03-23 03:49:41', '2024-03-23 03:49:41'),
(105, 16, '18-03-2024 Tahmid 2nd bar', 4100.00, '2024-03-23 03:50:00', '2024-03-23 03:50:00'),
(106, 16, '19-03-2024 Tajmid', 2565.00, '2024-03-23 03:50:24', '2024-03-23 03:50:24'),
(107, 16, '19-03-2024 Tahmid', 700.00, '2024-03-23 03:50:41', '2024-03-23 03:50:41'),
(108, 16, '20-03-2024 Tahmid', 1325.00, '2024-03-23 03:51:13', '2024-03-23 03:51:13'),
(109, 16, '21-03-2024 Tahmid', 2890.00, '2024-03-23 03:51:41', '2024-03-23 03:51:41'),
(110, 12, '23-03-2024 Tahmid', 6315.00, '2024-03-23 12:03:45', '2024-03-23 12:03:45'),
(111, 16, '24-03-2024 Tahmid', 240.00, '2024-03-24 14:24:04', '2024-03-24 14:24:04'),
(112, 12, 'Tahmid 25-03-2024', 878.00, '2024-03-25 12:09:18', '2024-03-25 12:09:18'),
(113, 12, '27-03-2024 Tahmid', 2228.00, '2024-03-27 14:37:14', '2024-03-27 14:37:14'),
(114, 12, 'Tahmid 28-03-2024 (2 bar)', 1377.00, '2024-03-29 02:55:48', '2024-03-29 02:55:48'),
(115, 16, 'Tahmid 30-03-2024', 370.00, '2024-03-30 15:40:45', '2024-03-30 15:40:45'),
(116, 13, 'Ismail vai 30-03-2024', 1250.00, '2024-03-30 15:40:57', '2024-03-30 15:40:57'),
(117, 13, '31-03-2024 Tahmid Bkash Cashout', 3150.00, '2024-04-03 04:22:53', '2024-04-03 04:22:53'),
(118, 12, 'Tahmid 01-04-2024', 205.00, '2024-04-03 04:24:40', '2024-04-03 04:24:40'),
(119, 13, 'Jersey Mamun Fashion Advance 01-02-2024', 1000.00, '2024-04-03 04:25:53', '2024-04-03 04:25:53'),
(120, 13, 'Jersey Bkash (6200)', 6200.00, '2024-04-08 01:39:08', '2024-04-08 01:39:08'),
(121, 12, 'Jersey Nagad (1000)', 1000.00, '2024-04-08 01:39:55', '2024-04-08 01:39:55'),
(122, 16, 'Jersey Account (2800)', 2800.00, '2024-04-08 01:40:31', '2024-04-08 01:40:31');

INSERT INTO `categories` (`id`, `name`, `image`, `created_at`, `updated_at`) VALUES
(2, 'Islamic', 'category_images/uygbbSZbn6cu41JVwlpVyCmCfmSqjQ1TwlGJErMV.png', '2023-09-28 04:07:04', '2023-10-15 16:05:02');
INSERT INTO `categories` (`id`, `name`, `image`, `created_at`, `updated_at`) VALUES
(3, 'Fiction', 'category_images/xpOj0CaSyBywQ7ik1ZMt7cSZIqsFyjfwmu9AQNil.png', '2024-01-05 00:15:23', '2024-01-05 00:15:23');


INSERT INTO `customers` (`id`, `name`, `phone_number`, `email`, `address`, `created_at`, `updated_at`) VALUES
(5, 'Md Abdur Rahman', '01873832363', NULL, 'Khuruskul Sador Cox’s Bazar ', '2023-12-26 16:17:58', '2023-12-26 16:17:58');
INSERT INTO `customers` (`id`, `name`, `phone_number`, `email`, `address`, `created_at`, `updated_at`) VALUES
(6, 'Hasanul Banna', '01727874893', NULL, 'Tazumuddin, Bhola', '2023-12-26 18:22:03', '2024-01-01 23:14:22');
INSERT INTO `customers` (`id`, `name`, `phone_number`, `email`, `address`, `created_at`, `updated_at`) VALUES
(7, 'ডাঃ মোঃ ইব্রাহিম খলিলুল্লাহ', '01714108535', NULL, 'Ibrahim eye care centre, \nRafiq Villa, west of PTI Mor, Bogra', '2023-12-26 20:41:41', '2023-12-26 20:41:41');
INSERT INTO `customers` (`id`, `name`, `phone_number`, `email`, `address`, `created_at`, `updated_at`) VALUES
(8, 'মোঃ নয়ন খন্দকার', '01852876662', NULL, '108 মতিঝিল বা/ এ, ঢাকা 1000।', '2023-12-27 17:08:26', '2023-12-27 17:08:26'),
(9, 'Md Humayun kabir Kabir', '01329719396', NULL, 'Banasree, block -C, Road 18', '2023-12-27 17:13:23', '2023-12-27 17:13:23'),
(10, 'Nayeem uddin', '01635863168', NULL, 'Mudafforgonj, laksam,cumilla', '2023-12-27 19:23:05', '2023-12-27 19:24:26'),
(11, 'rajib', '01710125777', NULL, 'arani bagha', '2023-12-27 20:37:46', '2023-12-27 20:37:46'),
(12, 'Saidul', '01633380147', NULL, 'Oxygen, Baijid, CTG Metro ', '2023-12-27 20:52:32', '2023-12-27 20:52:32'),
(13, 'Arif hossen ', '01623397735', NULL, 'Dhaka Motijil\n 77arambag mogar goli', '2023-12-27 22:57:44', '2023-12-27 22:57:44'),
(14, 'Hafiz Ibn Jahid', '01743813672', NULL, 'ময়মনসিংহ সদর', '2023-12-28 19:36:25', '2023-12-28 19:36:25'),
(15, 'Sohel', '01832685810', NULL, 'Jawtala coxbajar', '2023-12-28 19:47:33', '2023-12-28 19:47:33'),
(16, ' Akram', '01929562270', NULL, 'Seva medical hall, Ishwarganj, Mymensingh ', '2023-12-28 21:02:22', '2023-12-28 21:02:22'),
(17, 'Akram Hossain ', '01765501627', NULL, 'Ishwarganj sadar,Mymensingh ', '2023-12-28 21:05:03', '2023-12-28 21:05:03'),
(18, 'Md. Ahasan', '01639515650', NULL, 'উপজেলা কাহারোল\r\nজেলা দিনাজপুর', '2023-12-28 22:50:42', '2023-12-30 21:04:18'),
(19, 'রায়হান কবির', '01939957313', NULL, 'সালমা মার্কেট 8, উত্তরা ঢাকা', '2023-12-29 15:01:05', '2023-12-29 15:07:15'),
(20, 'সানজিদা আমান', '01616020501', NULL, 'ঠিকানা-প্রশান্তি আবাসিক,রোড-01,বাড়ি-33(বেলাল সাহেবের বাড়ি),কর্ণেলহাট,চট্টগ্রাম।', '2023-12-29 20:03:38', '2023-12-29 20:03:38'),
(21, 'সারুখ খান', '01839100086', NULL, 'গ্রাম: উত্তর ঝাপুয়া\r\nথানা:  মহেশখালী\r\nজেলা: কক্সবাজার', '2023-12-30 18:12:58', '2023-12-30 18:12:58'),
(22, 'নাম: আভা', '01841120126', NULL, 'গ্রামঃছোটনুরপুর\r\nথানাঃ রাজবাড়ী সদর\r\nজেলাঃরাজবাড়ী', '2023-12-30 18:34:17', '2023-12-30 18:34:17'),
(23, 'নামঃ আব্দুর রহমান', '01735983622', NULL, 'গ্রাম: পাইস্কা দারুল কোরআন কওমি মাদরাসা \r\nথানা: ধনবাড়ি \r\nজেলা: টাংগাইল', '2023-12-30 19:01:37', '2023-12-30 19:01:37'),
(24, 'শরিফুল ইসলাম', '01581657464', NULL, 'গ্রাম, শেওড়া\r\nথানা, কয়রা\r\nজেলা, খুলনা', '2023-12-30 22:12:27', '2023-12-30 22:12:27'),
(25, 'মোঃ শিহাব উদ্দিন ইমন', '01913898814', NULL, 'গ্রাম: দক্ষিন জয়নগর, (নুরমিয়ার হাট বাজার)\r\nথানা: দৌলতখান\r\nজেলা: ভোলা।', '2023-12-30 22:15:53', '2023-12-30 22:15:53'),
(26, 'মোঃ শাহরিয়ার', '01610747252', NULL, 'গ্রাম:সিরাজাবাদ \r\nথানা:ইসলামপুর \r\nজেলা:জামালপুর', '2023-12-30 22:26:50', '2023-12-30 22:26:50'),
(27, 'মোঃ রবিউল হাসান', '01706507466', NULL, 'গ্রামঃখাড়াতাইয়া নতুন বাজার \r\nথানাঃ বুড়িচং \r\nজেলাঃকুমিল্লা', '2023-12-30 22:33:34', '2023-12-30 22:33:34'),
(28, 'ইমরান', '01924674511', NULL, 'ঢাকা: শনিআখরা \r\nথানা,: যাত্রাবারি\r\nমাতুয়াইল কবরস্থান কেন্দ্রীয় জামে মসজিদ সামনে', '2023-12-30 22:57:03', '2023-12-30 22:57:03'),
(29, 'তৌকির', '01735487682', NULL, 'গ্রাম: মিটন \r\nথানা: মিরপুর \r\nজেলা: কুষ্টিয়া', '2023-12-30 23:27:13', '2023-12-30 23:27:13'),
(30, 'নামঃ আলমগীর হোসেন', '01629372038', NULL, 'ঠিকানাঃ নিকুঞ্জ 2 রোড নং 5 ঢাকা', '2023-12-31 14:26:25', '2023-12-31 14:26:25'),
(31, 'Radif', '01751493233', NULL, 'দিনাজপুর,পার্বতীপুর,খোলাহাটি,ডাঙ্গারহাট,', '2023-12-31 20:43:44', '2023-12-31 20:45:06'),
(32, 'মোহাম্মদ জমির উদ্দিন ফাহিম ', '01880616585', NULL, 'বায়তুশ শরফ আখতারিয়া আদর্শ ফাযিল ডিগ্রি মাদ্রাসা, ছিটুয়া পাড়া, সাতকানিয়া, চট্টগ্রাম। ', '2023-12-31 20:57:52', '2023-12-31 20:57:52'),
(33, 'ফয়সাল পারভেজ', '01787443599', NULL, 'ঠিকানাঃ কাহারোল শাখা, দিনাজপুর।', '2023-12-31 22:33:17', '2024-01-01 22:06:00'),
(34, 'Mir Shagor', '01839503677', NULL, 'Gangni, meherpur\r\nGangni bazar', '2024-01-01 13:45:13', '2024-01-01 13:45:13'),
(35, 'Md Hossain', '01627880572', NULL, 'kafrul thana, kochukhat, \r\nDgfi headquater, Dhaka canttonment.', '2024-01-01 20:21:49', '2024-01-01 20:21:49'),
(36, 'Tanvir Ahmed Abdullah', '01631937277', NULL, 'ঠিকানাঃ রাজবাড়ী সুন্দরবন কুরিয়ার সার্ভিস', '2024-01-01 22:04:55', '2024-01-01 22:04:55'),
(37, 'Jannatunnesa', '01779760295', NULL, 'Mirpur 1.Tolarbagh 2no gate 20 dagh,bondhon nibash', '2024-01-01 22:19:50', '2024-01-01 22:22:16'),
(38, 'Rubel Ahmed', '01714337204', NULL, 'Kakabo school Math,Akran Bazar, Savar, Dhaka', '2024-01-01 22:22:22', '2024-01-01 22:22:22'),
(39, 'tarikul', '01714737731', NULL, 'জেলা পরিবার  পরিকল্পনা অফিস, রংপুর ', '2024-01-01 22:34:05', '2024-01-01 22:34:05'),
(40, 'Dentist Md Manik Miah', '01321974871', NULL, '(enam medical college & hospital)\r\nPlace : Savar Thana Stand Sundhorbon Courier service.', '2024-01-01 23:29:30', '2024-01-02 15:26:22'),
(41, 'মোঃ সাহাব উদ্দিন Uddin', '01742097455', NULL, 'মাদকদ্রব্য নিয়ন্ত্রণ অধিদপ্তর, কুমিল্লা\n', '2024-01-01 23:31:41', '2024-01-01 23:31:41'),
(42, 'Imran', '01701560548', NULL, 'Rooppur nuclear power plant, Ishwardi ', '2024-01-01 23:38:12', '2024-01-02 19:21:41'),
(43, 'Mosharof Sarker', '01704833510', NULL, 'kurbanpur,Bangura,Muradnagar,Comilla.', '2024-01-02 09:05:18', '2024-01-02 09:05:18'),
(44, 'mr orko ', '01988093161', NULL, 'Shiddirgonj pul Narayanganj ', '2024-01-02 19:05:10', '2024-01-02 19:05:10'),
(45, 'Tanjila', '01716115144', NULL, 'Village: sabalia,tangail \r\nPost: kalihati\r\nDistric: tangail', '2024-01-02 19:15:24', '2024-01-02 19:15:24'),
(46, 'Bayezid Bostami', '01710403940', NULL, 'Madhobdi, Narsingdi.', '2024-01-02 20:09:22', '2024-01-02 20:09:22'),
(47, 'ইয়াহিয়া চৌধুরি', '01609534127', NULL, 'গ্রাম: chutari sengram \r\nথানা: Jaintapur \r\nজেলা: Sylhet', '2024-01-02 21:38:30', '2024-01-02 21:38:30'),
(48, 'NAME: JAKIR ILYASI', '01619628820                  01586001017', NULL, 'NARAYANGANJ, FATULLAH, JILA-PARISHOD, JONOTA TEXTILE MIL', '2024-01-03 20:55:05', '2024-01-03 20:55:05'),
(49, 'Mohammad Iyakub', '01568902268', NULL, 'Burichong, cumilla, ponchonogor, varala union', '2024-01-04 02:23:26', '2024-01-04 02:23:26'),
(50, 'Mostahasan', '01796624345', NULL, 'জয়পুরহাট সদর', '2024-01-04 12:07:29', '2024-01-04 12:07:29'),
(51, 'আতিকুল ইসলাম', '01629561811', NULL, 'টাঙ্গাইল, ঘাটাইল ঝড়কাবাজার শহীদ সালাউদ্দীন সেনানিবাস ', '2024-01-04 21:04:16', '2024-01-04 21:04:16'),
(52, 'নামঃ মো: সোহাগ গাজি', 'গ্রাম: হলদিয়া বাজার  থানা:লৌহজং জেলা:মুন্সিগঞ্জ', NULL, '01400241108', '2024-01-04 22:38:52', '2024-01-04 22:38:52'),
(53, 'নাম: আবু তাহের', '01911262225', NULL, 'গ্রাম: দোবাদিয়া সাইনবোর্ড\r\nথানা:উত্তর খান\r\nজেলা: ঢাকা', '2024-01-04 22:46:11', '2024-01-04 22:46:11'),
(54, 'নাম ইমরান', '01730839762', NULL, 'গ্রাম:নয়নপুর থানা মাওনা জেলা গাজিপুর', '2024-01-04 22:54:28', '2024-01-04 22:54:28'),
(55, 'নাম: সজল', '01991995349', NULL, 'গ্রাম: আড়ুয়া পাড়া 3নং স্কুল \r\nথানা : কুষ্টিয়া সদর \r\nজেলা: কুষ্টিয়া', '2024-01-04 23:01:30', '2024-01-04 23:01:30'),
(56, 'Rifat', '0170 4418 709', NULL, 'Hamayad pur dhaka', '2024-01-04 23:06:09', '2024-01-04 23:06:09'),
(57, 'নাম :নূরউদ্দিন আহম্মেদ', '01707988	102', NULL, 'গ্রাম: সগুনা\r\nথানা : মেলান্দহ\r\nজেলা : জামালপুর', '2024-01-04 23:27:40', '2024-01-04 23:27:40'),
(58, 'Shishir khan', '01726170255', NULL, 'address: 41/1 luxmibazar, dhaka -1100', '2024-01-04 23:31:42', '2024-01-04 23:31:42'),
(59, 'নামঃ Tanvir Ahmed Abdullah', '01631-937277', NULL, 'ঠিকানাঃ রাজবাড়ী সুন্দরবন কুরিয়ার সার্ভিস', '2024-01-05 00:01:54', '2024-01-05 00:01:54'),
(60, 'Zubair Ibna Mostofa', '01972793294', NULL, '243, Swapnil Adorsho road Mirpur 10 Dhaka Bangladesh', '2024-01-05 14:04:59', '2024-01-05 14:04:59'),
(61, 'tanbir', '01642991350', NULL, 'New palton iraki math', '2024-01-05 20:41:32', '2024-01-05 20:41:32'),
(62, 'Asef Sajjad Abir', '01784335421', NULL, 'Internal Distribution company Bangladesh Pvt ltd,Lvl 3 ,Edison Prime,261, Nabisco bus stand, Tejgaon I/A, Dhaka', '2024-01-05 20:44:27', '2024-01-05 20:44:27'),
(63, 'Abdullah Alber Adol ', '01911115557', NULL, '214 Malibog shahi moszid dhaka ', '2024-01-05 20:48:35', '2024-01-05 20:48:35'),
(64, 'Ahsan Habib', '01794076031', NULL, 'জয়পুরহাট ', '2024-01-05 21:41:56', '2024-01-05 21:41:56'),
(65, ' রায়হান ', '01715994047', NULL, 'চট্টগ্রাম বড়পোল', '2024-01-05 22:31:31', '2024-01-05 22:31:31'),
(66, 'নাম:আল-ইমরান', '01303367010', NULL, 'গ্রাম:দাক্ষিন খান\r\nথানা:গাজীপুর সদর,সুলতান মেডিকেল রোড,গজালী শাহ মাজার সংলগ্ন, পীরের মার্কেট বোর্ড বাজার,গাসিক,গাজীপুর', '2024-01-05 23:03:38', '2024-01-05 23:03:38'),
(67, 'নামঃ ওমর ফারুক', '01766733602', NULL, 'গ্রাম:কেন্দুয়া কালিবাড়ী\r\nথানা:জামালপুর\r\nজেলা:জামালপুর', '2024-01-05 23:59:57', '2024-01-05 23:59:57'),
(68, 'মোঃ শান্ত সরদার', '01745984107', NULL, 'গ্রাম: তেরচর।\r\nথানা: মুলাদী। \r\nজেলা: বরিশাল।', '2024-01-06 10:56:36', '2024-01-06 10:56:36'),
(69, 'মাহিন ইসলাম', '01789889233', NULL, 'জেলা ব্রাম্মণবাড়িয়া\r\nথানা বিজয় নগর \r\nইউনিয়ন চান্দুরা\r\nবাজার আমতলি বাজার।', '2024-01-06 20:59:44', '2024-01-06 20:59:44'),
(70, 'সাকিব হাসান ', '01401286768', NULL, 'কুমরুড়া বাজার, কেন্দুয়া, নেত্রকোনা ', '2024-01-06 21:30:40', '2024-01-06 21:30:40');
INSERT INTO `customers` (`id`, `name`, `phone_number`, `email`, `address`, `created_at`, `updated_at`) VALUES
(71, 'আরাফাত', '01400417770', NULL, '\nPanchagarh \n', '2024-01-07 20:16:43', '2024-01-07 20:16:43'),
(72, 'Khurshed ', '01779535083', NULL, 'Sarisabai, jamalpur ', '2024-01-07 20:27:40', '2024-01-07 20:27:40'),
(73, 'Jaherul Jewel', '01738527237', NULL, 'Chakaria, Cox\'s Bazar', '2024-01-07 20:28:52', '2024-01-07 20:34:16'),
(74, 'Rubel', '01735530541', NULL, 'গ্রাম:সাধুপাড়া জুটপট্বি \r\nথানা:পাবনা সদর', '2024-01-07 20:32:25', '2024-01-07 20:36:36'),
(75, 'নামঃ নাজমুল হক নাজু', '01787037279', NULL, 'গ্রাম: দক্ষিণ গয়াবাড়ী খামাত পাড়া \r\nথানা: ডিমলা \r\nজেলা:নীলফামারী', '2024-01-07 20:51:07', '2024-01-07 20:51:07'),
(76, 'Md.Mahfuzur Rahman', '01730232868', NULL, 'Hospital road, sherpur sadar ,sherpur\n', '2024-01-07 21:39:03', '2024-01-07 21:39:03'),
(77, ' Meherun Nahar mishu', '01903092801', NULL, 'Mosjid Road, Kasijuli,Mymensingh Sadar,Mymensingh ', '2024-01-07 23:23:43', '2024-01-07 23:23:43'),
(78, 'মোঃ রাহাত আলী', '01827457483', NULL, 'গ্রাম: রাইশিমুল \r\nথানা : সুজানগর\r\nজেলা: পাবনা', '2024-01-08 20:38:06', '2024-01-08 20:38:06'),
(79, 'Md Jobayer hossain', '01867104539', NULL, 'Mohammad pur tawon hall Bazar.', '2024-01-08 20:48:42', '2024-01-08 21:39:47'),
(80, 'Md. Jahid hasan', '01740688931', NULL, 'নান্দুরা গ্রাম,  শিবগঞ্জ, বগুড়া', '2024-01-08 20:51:37', '2024-01-08 20:51:37'),
(81, 'জুবায়ের আহমেদ', '01321737101', NULL, 'মৌচাক,কালিয়াকৈর,গাজিপুর', '2024-01-08 21:37:40', '2024-01-08 21:37:40'),
(82, 'Mohammad Miraj', '01730474598', NULL, '310/311 south paik para, Notun bazar, \nMirpur -1', '2024-01-08 21:56:51', '2024-01-08 21:56:51'),
(83, 'মো: ফারুক', '01878261527', NULL, 'ফারুক গিফট কর্নার, আব্দুল জোব্বার সুপার মাকেট ঘোড়া ধাপ বন্দর, বগুড়া।', '2024-01-08 22:53:22', '2024-01-08 22:53:22'),
(84, 'Rashid ullah', '01646217145', NULL, 'Sunnia Madrasah, Nazir para ,Panchliash,Chottogram.\n', '2024-01-08 23:21:17', '2024-01-08 23:21:17'),
(86, 'মেহেদী ইমরান', '01705197453', NULL, '104,2নং গলি,দক্ষিণ মুগদা, বাসাবো, ঢাকা-1214।', '2024-01-08 23:24:21', '2024-01-08 23:24:21'),
(87, 'রাসেল মিয়া', '01613656580', NULL, 'থানা+জেলাঃ মানিকগঞ্জ', '2024-01-09 08:49:39', '2024-01-09 08:49:39'),
(88, 'নামঃ আদনান আহমেদ', '01680886603', NULL, 'গ্রাম: গোগদ\r\nথানা: সরাইল\r\nজেলা: ব্রাহ্মনবাড়িয়া', '2024-01-09 09:17:48', '2024-01-09 09:17:48'),
(89, 'মোছাঃ জোহরা জাহান', '01918552742', NULL, 'রাজার বাগ পুলিশ লাইন্স 3 নং গেট।', '2024-01-09 10:25:44', '2024-01-09 10:25:44'),
(90, 'নাম:তৌহিদুল ইসলাম', '01877586004', NULL, 'গ্রাম:মোচাগড়া\r\nথানা:মুরাদনগর\r\nজেলা:কুমিল্লা', '2024-01-09 19:02:08', '2024-01-09 19:02:08'),
(91, 'Ahammod ali', '01710615160', NULL, 'Uttar badda satarkul road jm vari ', '2024-01-09 19:42:16', '2024-01-09 19:42:16'),
(92, 'নামঃমোঃআক্কাস', '01720914039', NULL, 'গ্রামঃ শীতলবাটী\r\nথানাঃ কালিয়া\r\nজেলাঃ নড়াইল', '2024-01-09 20:23:55', '2024-01-09 20:23:55'),
(93, 'মোঃ রাশেদ আলী', '01814289178', NULL, 'গ্রাম:জাজর বাজার \r\nথানা,গাছা \r\nজেলা: গাজীপুর', '2024-01-09 21:15:28', '2024-01-09 21:15:28'),
(94, 'মো:ইমরান হোসাইন', '01914322052', NULL, 'পাথরঘাটা, বরগুণা', '2024-01-09 22:16:46', '2024-01-09 22:16:46'),
(95, 'আয়শা সিদ্দিকা জেরিন', '01755090010', NULL, 'ঠিকানাঃ বেতাগী সুন্দরবন কুরিয়ার সার্ভিস', '2024-01-25 15:09:41', '2024-01-25 15:09:41'),
(96, 'নামঃ এস এইচ পারভেজ', '01763121769', NULL, 'সুন্দরবন কুরিয়ার সার্ভিস,কলেজ রোড,রংপুর', '2024-01-25 15:10:56', '2024-01-25 15:10:56'),
(97, 'নামঃ ফারিয়া আক্তার', '01611652946', NULL, 'চান্দিনা, কুমিল্লা', '2024-01-25 15:12:13', '2024-01-25 15:12:13'),
(98, 'জান্নাতুন নুরী', '01721040732', NULL, 'ঠাকুরগাঁও সুন্দরবন কুরিয়ার সার্ভিস', '2024-01-25 15:13:22', '2024-01-25 15:13:22'),
(99, 'শারমিন আক্তার', '01747823806', NULL, 'রাজশাহী কলেজ হোস্টেল, রাজশাহী সদর।', '2024-01-25 15:14:28', '2024-01-25 15:14:28'),
(100, 'মো:রাব্বি', '01799894223', NULL, 'রাজশাহী', '2024-01-25 15:20:08', '2024-01-25 15:20:08'),
(101, 'রাইতা', '01774563110', NULL, 'রাজশাহী', '2024-01-25 15:20:59', '2024-01-25 15:20:59'),
(102, 'প্রিয়তা', '01922386406', NULL, 'জাংগালিয়া, গাজি মার্কেট, গাজীপুর', '2024-01-29 20:54:29', '2024-01-29 20:54:29'),
(103, 'মো: মোরছালিন', '01903492636', NULL, 'Malibagh,Chowdhury para, Abul hotel, dhaka', '2024-01-29 23:01:03', '2024-01-29 23:08:12'),
(104, 'লিজা আক্তার', '01777253960', NULL, 'ঠিকানা: ঢাকা উদ্যান ; রোড -3 ; বাসা- 16/17;ব্লক- এ মো:পুর ঢাকা', '2024-01-30 06:57:10', '2024-01-30 06:57:10'),
(105, 'আকাশ ইসলাম', '01966783035', NULL, 'Village. Dakkhin chand pur halt station  Thana.Damurhuda District.  Chuadanga Moba', '2024-02-06 13:53:10', '2024-02-06 13:53:10'),
(106, 'নাম: ইউনুস', 'মোবাইল নাম্বারঃ01829929256.', NULL, 'ঠিকানাঃ কোহিনূর মঞ্জিল,, পুরাতন কাস্টমস গলি,, মফিজ উদ্দীন সড়ক,, কুমিল্লা সদর,,কুমিল্লা।', '2024-02-06 14:32:06', '2024-02-06 14:32:06'),
(107, 'আব্দুল মুত্তালিব', '01848004283', NULL, 'বেলকুচি, সিরাজগঞ্জ', '2024-02-06 14:39:52', '2024-02-06 14:39:52'),
(108, 'মোসাঃ মাহজাবিন ইসলাম', '01872856568', NULL, 'বানেশ্বর.. পুঠিয়া, রাজশাহী', '2024-02-06 14:56:36', '2024-02-06 14:56:36'),
(109, 'বইঃ যায় বেলা অবলে ৷ মোসাঃ ফারজানা আক্তার নিপা', 'মোবাঃ 01761786010', NULL, 'ঠিকানাঃ বানেশ্বর বাজার, পুঠিয়া, রাজশাহী ।', '2024-02-06 14:59:03', '2024-02-06 14:59:03'),
(110, 'Mahadi Hassan', '01313010609', NULL, '20 cube logistics,LTD,Kamarpara Mowr(besides Munnujan School),Dhaka-Mymensingh Highway\nDhaka - Tongi - Tongi Station Road', '2024-03-04 00:13:50', '2024-03-04 00:13:50'),
(111, 'Monir', '01675206048', NULL, 'Mohakhali New DOHS,  32 NO ROAD, 491 BUILDING ', '2024-03-13 23:37:31', '2024-03-13 23:37:31'),
(112, 'Arafat Hossain ', '01929508088', NULL, 'নবাবপুর বাজার, সাহাবউদ্দিন মাস্টার বাড়ী,', '2024-03-14 08:17:29', '2024-03-14 08:17:29');

INSERT INTO `expenses` (`id`, `description`, `amount`, `account_id`, `created_at`, `updated_at`) VALUES
(3, 'Tahmid Salary', 4525.00, 12, '2023-10-18 10:00:00', '2023-10-18 20:00:47');
INSERT INTO `expenses` (`id`, `description`, `amount`, `account_id`, `created_at`, `updated_at`) VALUES
(4, 'Nagad to Islami bank cashout charge', 65.00, 12, '2023-10-19 10:00:00', '2023-10-19 15:11:23');
INSERT INTO `expenses` (`id`, `description`, `amount`, `account_id`, `created_at`, `updated_at`) VALUES
(5, 'Benjir extra invest -', 2735.00, 12, '2023-10-21 10:00:00', '2023-10-21 14:42:24');
INSERT INTO `expenses` (`id`, `description`, `amount`, `account_id`, `created_at`, `updated_at`) VALUES
(6, 'For buy kagoj from tahmid', 100.00, 12, '2023-10-21 10:00:00', '2023-10-21 15:04:41'),
(7, 'Bkash Cashout khoroch', 19.00, 13, '2023-11-01 10:00:00', '2023-11-02 16:57:33'),
(8, 'Bkash Cashout Khoroch', 200.00, 13, '2023-11-05 10:00:00', '2023-11-07 18:29:13'),
(9, 'Facebook Ads Old Due', 2164.00, 16, '2023-11-05 10:00:00', '2023-11-12 03:44:24'),
(10, 'Facebook Ads Payment', 3000.00, 16, '2023-11-10 11:00:00', '2023-11-12 03:45:12'),
(11, 'Bkash Cashout', 40.00, 13, '2023-11-12 11:00:00', '2023-11-12 19:52:24'),
(12, 'Tahmid Salary', 4500.00, 12, '2023-11-21 05:00:00', '2023-11-23 13:32:39'),
(13, 'Facebook Ads Payment', 2321.00, 16, '2023-11-19 05:00:00', '2023-11-23 13:34:20'),
(16, 'Facebook Ads Payment', 3000.00, 16, '2023-12-09 06:00:00', '2023-12-10 14:49:55'),
(17, 'Ads Payment', 2093.00, 16, '2023-12-19 06:00:00', '2023-12-25 19:47:02'),
(18, 'Tahmid Salary', 3000.00, 12, '2024-01-11 06:00:00', '2024-01-24 16:53:47'),
(19, 'For Tshirt Advance', 1000.00, 13, '2024-01-17 06:00:00', '2024-01-24 17:02:03'),
(20, 'Tshirt Quriyar Charge', 150.00, 13, '2024-01-20 06:00:00', '2024-01-24 17:02:35'),
(21, 'Cash Out fee From Nagad 9000', 112.00, 12, '2024-01-24 06:00:00', '2024-01-31 15:38:17'),
(22, 'Facebook Ads Payment with 3% bank fee', 1301.00, 16, '2024-01-25 06:00:00', '2024-01-31 15:51:29'),
(23, 'Facebook Ads Payment with 3% bank fee', 916.00, 16, '2024-01-29 06:00:00', '2024-01-31 15:52:17'),
(24, 'Bkash Cashout', 93.00, 13, '2024-02-08 06:00:00', '2024-02-11 17:27:25'),
(25, 'Jersey20 pcs Advance', 1000.00, 12, '2024-02-10 06:00:00', '2024-02-11 17:29:46'),
(26, 'IBBL Card Renew fee', 345.00, 16, '2024-02-06 06:00:00', '2024-02-11 17:38:07'),
(27, 'Bkash Cashout', 100.00, 13, '2024-02-24 06:00:00', '2024-02-24 23:59:32'),
(28, 'Bkash Cashout CHarge (3400)', 63.00, 13, '2024-03-02 06:00:00', '2024-03-03 15:53:31'),
(29, 'Facebook Ads Payment with 3% bank fee', 1238.00, 16, '2024-03-01 06:00:00', '2024-03-03 15:55:11'),
(30, 'Tahmid Salary', 9000.00, 16, '2024-03-03 06:00:00', '2024-03-03 16:06:28'),
(31, 'Kagoj Tep', 450.00, 13, '2024-03-04 06:00:00', '2024-03-04 16:55:34'),
(32, 'Benjir dharer taka cashout fee', 60.00, 13, '2024-03-07 06:00:00', '2024-03-07 23:53:48'),
(33, 'Bkash cashout fee (2000 takar)', 40.00, 13, '2024-03-07 06:00:00', '2024-03-08 00:05:21'),
(34, 'Customer k ferot Dewa hoice', 1215.00, 13, '2024-03-10 06:00:00', '2024-03-10 10:28:09'),
(35, 'Sundarban Quriyar charge', 40.00, 13, '2024-03-11 06:00:00', '2024-03-15 00:53:52'),
(36, 'Bkash Cashout Charge', 47.00, 13, '2024-03-31 06:00:00', '2024-04-03 04:23:26'),
(37, 'Tahmid Salary', 4500.00, 16, '2024-04-04 06:00:00', '2024-04-04 16:59:28'),
(38, 'Bkash Nagad Khoroch', 130.00, 12, '2024-04-07 06:00:00', '2024-04-08 01:37:48');



INSERT INTO `investments` (`id`, `description`, `amount`, `created_at`, `updated_at`) VALUES
(5, 'Istiak', 11000.00, '2023-08-01 10:00:00', '2023-10-15 21:59:12');
INSERT INTO `investments` (`id`, `description`, `amount`, `created_at`, `updated_at`) VALUES
(6, 'AHB', 11000.00, '2023-08-01 10:00:00', '2023-10-15 21:59:26');
INSERT INTO `investments` (`id`, `description`, `amount`, `created_at`, `updated_at`) VALUES
(7, 'AHB Dhar babod ( Tahmid salary 9000 + Jersey 3000 + akdiner boi 3350)', 15350.00, '2024-03-03 06:00:00', '2024-03-03 16:01:43');
INSERT INTO `investments` (`id`, `description`, `amount`, `created_at`, `updated_at`) VALUES
(8, 'Istiak Dhar (For jersey)', 10065.00, '2024-03-02 06:00:00', '2024-03-03 16:04:31');

INSERT INTO `invoices` (`id`, `invoice_number`, `customer_id`, `discount`, `delivery_charge`, `delivery_system`, `note`, `total_expense`, `total_sale`, `net_profit`, `delivery_status`, `created_at`, `updated_at`) VALUES
(7, 'INV-0571', 5, 0.00, 90.00, '', 'hello', 0.00, 0.00, 0.00, 'Cancel', '2023-12-26 16:17:58', '2024-01-05 23:34:50');
INSERT INTO `invoices` (`id`, `invoice_number`, `customer_id`, `discount`, `delivery_charge`, `delivery_system`, `note`, `total_expense`, `total_sale`, `net_profit`, `delivery_status`, `created_at`, `updated_at`) VALUES
(10, 'INV-0573', 7, 0.00, 90.00, '', 'hello', 467.61, 600.00, 132.40, 'Complete', '2023-12-26 20:41:41', '2023-12-30 21:02:44');
INSERT INTO `invoices` (`id`, `invoice_number`, `customer_id`, `discount`, `delivery_charge`, `delivery_system`, `note`, `total_expense`, `total_sale`, `net_profit`, `delivery_status`, `created_at`, `updated_at`) VALUES
(11, 'INV-0574', 8, 0.00, 50.00, '', 'hello', 427.61, 560.00, 132.40, 'Complete', '2023-12-27 17:08:26', '2024-01-05 23:34:00');
INSERT INTO `invoices` (`id`, `invoice_number`, `customer_id`, `discount`, `delivery_charge`, `delivery_system`, `note`, `total_expense`, `total_sale`, `net_profit`, `delivery_status`, `created_at`, `updated_at`) VALUES
(13, 'INV-0576', 9, 10.00, 50.00, '', 'hello', 427.61, 560.00, 132.40, 'Complete', '2023-12-27 17:13:23', '2023-12-29 21:28:45'),
(14, 'INV-0577', 10, 0.00, 90.00, '', 'hello', 467.61, 600.00, 132.40, 'Complete', '2023-12-27 19:23:05', '2023-12-30 21:01:49'),
(15, 'INV-0578', 10, 0.00, 90.00, '', 'hello', 274.90, 310.00, 35.10, 'Pending', '2023-12-27 19:24:26', '2023-12-27 19:24:26'),
(16, 'INV-0579', 11, 0.00, 90.00, '', 'hello', 467.61, 600.00, 132.40, 'Complete', '2023-12-27 20:37:46', '2023-12-29 21:30:10'),
(17, 'INV-0580', 12, 0.00, 90.00, '', 'hello', 467.61, 600.00, 132.40, 'Complete', '2023-12-27 20:52:32', '2023-12-30 21:02:18'),
(18, 'INV-0581', 13, 0.00, 50.00, '', 'hello', 427.61, 560.00, 132.40, 'Complete', '2023-12-27 22:57:44', '2023-12-29 21:29:52'),
(20, 'INV-0582', 14, 0.00, 90.00, '', 'hello', 467.61, 600.00, 132.40, 'Complete', '2023-12-28 19:36:25', '2024-01-01 18:24:08'),
(21, 'INV-0583', 15, 0.00, 90.00, '', 'hello', 467.61, 600.00, 132.40, 'Complete', '2023-12-28 19:47:33', '2024-01-03 23:09:37'),
(22, 'INV-0584', 16, 0.00, 90.00, '', 'hello', 467.61, 600.00, 132.40, 'Complete', '2023-12-28 21:02:22', '2024-01-01 18:24:42'),
(23, 'INV-0585', 17, 0.00, 90.00, '', 'hello', 306.15, 390.00, 83.85, 'Pending', '2023-12-28 21:05:03', '2023-12-28 21:05:03'),
(24, 'INV-0586', 18, 0.00, 90.00, '', 'hello', 306.15, 390.00, 83.85, 'Pending', '2023-12-28 22:50:42', '2023-12-28 22:50:42'),
(25, 'INV-0587', 18, 0.00, 90.00, '', 'hello', 296.27, 315.00, 18.74, 'Complete', '2023-12-28 22:51:52', '2024-01-05 23:36:56'),
(26, 'INV-0588', 18, 0.00, 90.00, '', 'hello', 259.33, 275.00, 15.68, 'Pending', '2023-12-28 22:52:57', '2023-12-28 22:52:57'),
(28, 'INV-0590', 19, 140.00, 50.00, '', NULL, 411.25, 510.00, 98.75, 'Complete', '2023-12-29 15:07:15', '2024-01-03 00:37:06'),
(29, 'INV-0591', 20, 80.00, 90.00, '', NULL, 465.66, 550.00, 84.34, 'Complete', '2023-12-29 20:03:38', '2024-01-05 23:37:28'),
(30, 'INV-0592', 21, 6.00, 90.00, '', NULL, 509.85, 551.00, 41.16, 'Pending', '2023-12-30 18:12:58', '2023-12-30 18:18:11'),
(31, 'INV-0593', 22, 0.00, 90.00, '', NULL, 310.73, 340.00, 29.28, 'Pending', '2023-12-30 18:34:17', '2023-12-30 18:34:17'),
(32, 'INV-0594', 23, 1.00, 92.00, '', NULL, 2242.25, 2571.00, 328.75, 'Complete', '2023-12-30 19:01:37', '2024-01-05 23:38:44'),
(33, 'INV-0595', 24, 0.00, 90.00, '', NULL, 254.20, 270.00, 15.80, 'Complete', '2023-12-30 22:12:27', '2024-01-05 23:39:26'),
(34, 'INV-0596', 25, 0.00, 90.00, '', NULL, 203.65, 290.00, 86.35, 'Pending', '2023-12-30 22:15:53', '2023-12-30 22:15:53'),
(36, 'INV-0598', 26, 20.00, 90.00, '', NULL, 203.65, 270.00, 66.35, 'Pending', '2023-12-30 22:26:50', '2023-12-30 22:26:50'),
(37, 'INV-0599', 27, 35.00, 90.00, '', NULL, 579.26, 866.70, 287.44, 'Complete', '2023-12-30 22:33:34', '2024-01-05 23:40:11'),
(38, 'INV-0600', 28, 0.00, 50.00, '', NULL, 163.65, 250.00, 86.35, 'Complete', '2023-12-30 22:57:03', '2024-01-05 23:40:28'),
(39, 'INV-0601', 29, 25.00, 90.00, '', NULL, 389.35, 565.00, 175.65, 'Complete', '2023-12-30 23:27:13', '2024-01-05 23:40:45'),
(40, 'INV-0602', 30, 0.00, 50.00, '', NULL, 0.00, 0.00, 0.00, 'Cancel', '2023-12-31 14:26:25', '2024-01-05 23:41:12'),
(41, 'INV-0603', 31, 0.00, 90.00, '', 'hello', 467.61, 600.00, 132.40, 'Complete', '2023-12-31 20:43:44', '2024-01-05 23:41:38'),
(50, 'INV-0607', 35, 0.00, 50.00, '', NULL, 163.65, 250.00, 86.35, 'Complete', '2024-01-01 20:21:49', '2024-01-05 23:41:56'),
(51, 'INV-0604', 36, 0.00, 40.00, '', NULL, 373.60, 412.00, 38.41, 'Complete', '2024-01-01 22:04:55', '2024-01-05 23:42:22'),
(52, 'INV-0605', 33, 0.00, 40.00, '', NULL, -73.65, -160.00, -86.35, 'Complete', '2024-01-01 22:06:00', '2024-01-05 23:43:08'),
(53, 'INV-0606', 34, 0.00, 90.00, '', NULL, 467.61, 600.00, 132.40, 'Complete', '2024-01-01 22:08:44', '2024-01-05 23:43:01'),
(54, 'INV-0608', 37, 0.00, 50.00, '', 'hello', 427.61, 560.00, 132.40, 'Pending', '2024-01-01 22:19:50', '2024-01-01 22:19:50'),
(55, 'INV-0609', 37, 0.00, 50.00, '', 'hello', 234.90, 270.00, 35.10, 'Pending', '2024-01-01 22:22:16', '2024-01-01 22:22:16'),
(56, 'INV-0610', 38, 0.00, 50.00, '', 'hello', 427.61, 560.00, 132.40, 'Pending', '2024-01-01 22:22:22', '2024-01-01 22:22:22'),
(57, 'INV-0611', 39, 0.00, 90.00, '', 'hello', 467.61, 600.00, 132.40, 'Pending', '2024-01-01 22:34:05', '2024-01-01 22:34:05'),
(74, 'INV-0612', 40, 0.00, 40.00, '', NULL, 153.65, 240.00, 86.35, 'Pending', '2024-01-02 15:29:54', '2024-01-02 15:29:54'),
(75, 'INV-0613', 43, 0.00, 90.00, '', NULL, 457.46, 600.00, 142.55, 'Pending', '2024-01-02 15:30:31', '2024-01-02 15:30:31'),
(77, 'INV-0615', 45, 4.00, 90.00, '', NULL, 270.74, 296.00, 25.26, 'Complete', '2024-01-02 19:15:24', '2024-01-06 16:18:10'),
(78, 'INV-0616', 42, 0.00, 90.00, '', 'hello', 512.15, 690.00, 177.85, 'Pending', '2024-01-02 19:21:41', '2024-01-04 13:46:36'),
(79, 'INV-0617', 46, 0.00, 90.00, '', 'hello', 457.46, 600.00, 142.55, 'Pending', '2024-01-02 20:09:22', '2024-01-04 13:46:44'),
(81, 'INV-0619', 47, 0.00, 90.00, '', NULL, 306.15, 390.00, 83.85, 'Pending', '2024-01-02 21:38:30', '2024-01-04 13:46:53'),
(83, 'INV-0621', 48, 10.00, 80.00, '', NULL, 208.06, 290.00, 81.94, 'Pending', '2024-01-03 20:55:05', '2024-01-04 13:46:49'),
(84, 'INV-0622', 49, 10.00, 90.00, 'Home Delivery', 'Order From Phone call a', 1235.41, 1550.00, 314.59, 'Pending', '2024-01-04 02:23:26', '2024-01-04 13:46:15'),
(85, 'INV-0623', 50, 125.00, 40.00, 'Sundarban Quriyar (Office)', 'সুন্দরবন কুরিয়ার করতে হবে', 1098.74, 1345.00, 246.27, 'Pending', '2024-01-04 12:07:29', '2024-01-04 13:47:08'),
(86, 'INV-0624', 51, 0.00, 90.00, 'HomeDeliveryOutsideDhaka', 'From WebSite', 538.64, 700.00, 161.36, 'Pending', '2024-01-04 21:04:16', '2024-01-06 12:08:16'),
(87, 'INV-0625', 52, 0.00, 90.00, 'Home Delivery', 'হোম ডেলিভারি', 203.65, 290.00, 86.35, 'Pending', '2024-01-04 22:38:52', '2024-01-06 12:08:30'),
(88, 'INV-0626', 53, 0.00, 50.00, 'Home Delivery', 'হোম ডেলিভারি', 163.65, 250.00, 86.35, 'Pending', '2024-01-04 22:46:11', '2024-01-06 12:08:41'),
(89, 'INV-0627', 54, 0.00, 90.00, 'Home Delivery', 'হোম', 203.65, 290.00, 86.35, 'Pending', '2024-01-04 22:54:28', '2024-01-06 12:08:56'),
(90, 'INV-0628', 55, 105.00, 90.00, 'Home Delivery', 'বই ফ্রি', 579.26, 800.00, 220.74, 'Pending', '2024-01-04 23:01:30', '2024-01-06 12:09:04'),
(91, 'INV-0629', 56, 0.00, 50.00, 'Home Delivery', 'Inbox', 163.65, 250.00, 86.35, 'Pending', '2024-01-04 23:06:09', '2024-01-06 12:09:11'),
(92, 'INV-0630', 57, 1.00, 90.00, 'Home Delivery', 'p2', 237.84, 257.00, 19.16, 'Pending', '2024-01-04 23:27:40', '2024-01-06 12:09:16'),
(93, 'INV-0631', 58, 70.00, 50.00, 'Home Delivery', 'P2', 235.70, 280.00, 44.30, 'Pending', '2024-01-04 23:31:42', '2024-01-06 12:09:33'),
(94, 'INV-0632', 59, 0.00, 40.00, 'Sundarban Quriyar (Office)', 'সুন্দরবন কুরিয়ার করতে হবে', 434.24, 488.00, 53.76, 'Pending', '2024-01-05 00:01:54', '2024-01-06 12:09:41'),
(95, 'INV-0633', 60, 0.00, 50.00, 'Home Delivery', 'P2', 296.30, 320.00, 23.70, 'Pending', '2024-01-05 14:04:59', '2024-01-06 12:09:48'),
(96, 'INV-0634', 61, 0.00, 50.00, 'HomeDeliveryInsideDhaka', 'Website', 417.46, 560.00, 142.55, 'Pending', '2024-01-05 20:41:32', '2024-01-06 12:09:56');
INSERT INTO `invoices` (`id`, `invoice_number`, `customer_id`, `discount`, `delivery_charge`, `delivery_system`, `note`, `total_expense`, `total_sale`, `net_profit`, `delivery_status`, `created_at`, `updated_at`) VALUES
(97, 'INV-0635', 62, 0.00, 50.00, 'HomeDeliveryInsideDhaka', 'Website', 417.46, 560.00, 142.55, 'Pending', '2024-01-05 20:44:27', '2024-01-06 12:10:03'),
(98, 'INV-0636', 63, 0.00, 50.00, 'HomeDeliveryInsideDhaka', 'Website', 417.46, 560.00, 142.55, 'Pending', '2024-01-05 20:48:35', '2024-01-06 12:10:10'),
(100, 'INV-0637', 65, 0.00, 90.00, 'HomeDeliveryOutsideDhaka', 'Website', 457.46, 600.00, 142.55, 'Pending', '2024-01-05 22:31:31', '2024-01-06 12:10:17'),
(101, 'INV-0638', 66, 125.00, 90.00, 'Home Delivery', 'p2', 465.61, 580.00, 114.39, 'Pending', '2024-01-05 23:03:38', '2024-01-06 12:10:25'),
(102, 'INV-0639', 67, 0.00, 90.00, 'Home Delivery', 'p2', 306.15, 390.00, 83.85, 'Pending', '2024-01-05 23:59:57', '2024-01-06 12:10:32'),
(103, 'INV-0640', 68, 90.00, 90.00, 'Home Delivery', 'p2', 832.48, 965.00, 132.52, 'Pending', '2024-01-06 10:56:36', '2024-01-06 12:10:41'),
(104, 'INV-0641', 69, 110.00, 90.00, 'Home Delivery', 'p1', 579.31, 800.00, 220.69, 'Pending', '2024-01-06 20:59:44', '2024-01-08 14:16:48'),
(122, 'INV-0644', 74, 0.00, 90.00, 'Home Delivery', 'P', 306.15, 390.00, 83.85, 'Pending', '2024-01-07 20:39:09', '2024-01-08 14:16:57'),
(123, 'INV-0645', 75, 20.00, 90.00, 'Home Delivery', 'p1', 408.25, 430.00, 21.75, 'Pending', '2024-01-07 20:51:07', '2024-01-08 14:17:05'),
(124, 'INV-0646', 76, 0.00, 90.00, 'HomeDeliveryOutsideDhaka', 'Website', 457.46, 600.00, 142.55, 'Pending', '2024-01-07 21:39:03', '2024-01-08 14:17:12'),
(125, 'INV-0647', 77, 0.00, 90.00, 'HomeDeliveryOutsideDhaka', 'Website', 457.46, 600.00, 142.55, 'Pending', '2024-01-07 23:23:43', '2024-01-08 14:17:18'),
(126, 'INV-0648', 78, 0.00, 90.00, 'Home Delivery', 'p1', 203.65, 290.00, 86.35, 'Pending', '2024-01-08 20:38:06', '2024-01-09 14:45:45'),
(127, 'INV-0649', 79, 10.00, 50.00, 'Home Delivery', 'Website', 417.46, 550.00, 132.55, 'Pending', '2024-01-08 20:48:42', '2024-01-09 14:51:24'),
(128, 'INV-0650', 80, 105.00, 90.00, 'Home Delivery', 'p2', 736.57, 900.00, 163.43, 'Pending', '2024-01-08 20:51:37', '2024-01-09 14:51:30'),
(130, 'INV-0651', 81, 105.00, 90.00, 'Home Delivery', 'p1', 773.51, 940.00, 166.49, 'Pending', '2024-01-08 21:37:40', '2024-01-09 14:51:36'),
(131, 'INV-0652', 82, 0.00, 50.00, 'HomeDeliveryInsideDhaka', 'Website', 417.46, 560.00, 142.55, 'Pending', '2024-01-08 21:56:51', '2024-01-09 14:51:43'),
(132, 'INV-0653', 83, 105.00, 90.00, 'Home Delivery', 'p1', 465.61, 600.00, 134.39, 'Pending', '2024-01-08 22:53:22', '2024-01-09 14:51:51'),
(133, 'INV-0654', 84, 0.00, 90.00, 'HomeDeliveryOutsideDhaka', 'Website', 457.46, 600.00, 142.55, 'Pending', '2024-01-08 23:21:17', '2024-01-10 15:34:05'),
(135, 'INV-0656', 86, 0.00, 50.00, 'Home Delivery', 'p2', 266.15, 350.00, 83.85, 'Pending', '2024-01-08 23:24:21', '2024-01-09 14:51:58'),
(136, 'INV-0657', 87, 155.00, 90.00, 'Home Delivery', 'p1', 579.26, 750.00, 170.74, 'Pending', '2024-01-09 08:49:39', '2024-01-09 14:52:04'),
(137, 'INV-0658', 88, 0.00, 90.00, 'Home Delivery', 'p2', 457.46, 600.00, 142.55, 'Pending', '2024-01-09 09:17:48', '2024-01-09 14:52:10'),
(138, 'INV-0659', 89, 0.00, 50.00, 'Home Delivery', 'p1', 163.65, 250.00, 86.35, 'Pending', '2024-01-09 10:25:44', '2024-01-09 14:52:16'),
(139, 'INV-0660', 90, 105.00, 90.00, 'Home Delivery', 'p1', 579.26, 800.00, 220.74, 'Pending', '2024-01-09 19:02:08', '2024-01-10 15:34:13'),
(140, 'INV-0661', 91, 0.00, 50.00, 'HomeDeliveryInsideDhaka', 'Website', 417.46, 560.00, 142.55, 'Pending', '2024-01-09 19:42:16', '2024-01-10 15:34:19'),
(141, 'INV-0662', 92, 105.00, 90.00, 'Home Delivery', 'p1', 579.26, 800.00, 220.74, 'Pending', '2024-01-09 20:23:55', '2024-01-10 15:34:25'),
(142, 'INV-0663', 93, 0.00, 80.00, 'Home Delivery', 'p1', 193.65, 280.00, 86.35, 'Pending', '2024-01-09 21:15:28', '2024-01-10 15:34:32'),
(143, 'INV-0664', 94, 155.00, 90.00, 'Home Delivery', 'p1', 579.26, 750.00, 170.74, 'Pending', '2024-01-09 22:16:46', '2024-01-10 15:34:37'),
(144, 'INV-0665', 95, 10.00, 40.00, 'Sundarban Quriyar (Office)', 'ক', 224.90, 250.00, 25.10, 'Review', '2024-01-25 15:09:41', '2024-01-25 15:09:41'),
(145, 'INV-0666', 96, 10.00, 40.00, 'Sundarban Quriyar (Office)', 'ক', 224.90, 250.00, 25.10, 'Review', '2024-01-25 15:10:56', '2024-01-25 15:10:56'),
(146, 'INV-0667', 97, 10.00, 40.00, 'Sundarban Quriyar (Office)', 'ক', 224.90, 250.00, 25.10, 'Review', '2024-01-25 15:12:13', '2024-01-25 15:12:13'),
(147, 'INV-0668', 98, 10.00, 40.00, 'Sundarban Quriyar (Office)', 'ক', 224.90, 250.00, 25.10, 'Review', '2024-01-25 15:13:22', '2024-01-25 15:13:22'),
(148, 'INV-0669', 99, 10.00, 40.00, 'Sundarban Quriyar (Office)', 'ক', 224.90, 250.00, 25.10, 'Review', '2024-01-25 15:14:28', '2024-01-25 15:14:28'),
(149, 'INV-0670', 100, 0.00, 40.00, 'Sundarban Quriyar (Office)', 'ক', 137.53, 150.00, 12.48, 'Review', '2024-01-25 15:20:08', '2024-01-25 15:20:08'),
(150, 'INV-0671', 101, 0.00, 40.00, 'Sundarban Quriyar (Office)', 'ক', 137.53, 150.00, 12.48, 'Review', '2024-01-25 15:20:59', '2024-01-25 15:20:59'),
(151, 'INV-0672', 102, 110.00, 80.00, 'Home Delivery', 'p2', 441.25, 570.00, 128.75, 'Review', '2024-01-29 20:54:29', '2024-01-29 20:54:29'),
(153, 'INV-0674', 103, 315.00, 70.00, 'Home Delivery', 'P2', 1021.28, 1300.00, 278.72, 'Review', '2024-01-29 23:08:12', '2024-01-29 23:09:00'),
(154, 'INV-0675', 104, 350.00, 70.00, 'Home Delivery', 'P2', 974.96, 1200.00, 225.05, 'Review', '2024-01-30 06:57:10', '2024-01-30 06:57:45'),
(155, 'INV-0676', 105, 410.00, 90.00, 'Home Delivery', 'P1', 1418.54, 1700.00, 281.47, 'Review', '2024-02-06 13:53:10', '2024-02-06 13:56:26'),
(156, 'INV-0677', 106, 190.00, 90.00, 'Home Delivery', 'p1', 698.65, 880.00, 181.35, 'Review', '2024-02-06 14:32:06', '2024-02-06 14:32:38'),
(157, 'INV-0678', 107, 30.00, 40.00, 'Sundarban Quriyar (Office)', 'p1', 297.15, 350.00, 52.85, 'Review', '2024-02-06 14:39:52', '2024-02-06 14:39:52'),
(158, 'INV-0679', 108, 0.00, 35.00, 'Sundarban Quriyar (Office)', 'p2', 101.73, 110.00, 8.28, 'Review', '2024-02-06 14:56:36', '2024-02-06 14:57:54'),
(159, 'INV-0680', 109, 0.00, 35.00, 'Sundarban Quriyar (Office)', 'P2', 101.73, 110.00, 8.28, 'Review', '2024-02-06 14:59:03', '2024-02-06 14:59:03'),
(160, 'INV-0681', 110, 0.00, 90.00, 'HomeDeliveryOutsideDhaka', 'Website', 204.98, 220.00, 15.02, 'Review', '2024-03-04 00:13:50', '2024-03-04 00:13:50'),
(161, 'INV-0682', 110, 0.00, 90.00, 'HomeDeliveryOutsideDhaka', 'Website', 197.80, 212.00, 14.21, 'Review', '2024-03-04 00:17:03', '2024-03-04 00:17:03'),
(162, 'INV-0683', 111, 0.00, 50.00, 'HomeDeliveryInsideDhaka', 'Website', 237.03, 280.00, 42.97, 'Review', '2024-03-13 23:37:31', '2024-03-13 23:37:31'),
(163, 'INV-0684', 112, 0.00, 90.00, 'HomeDeliveryOutsideDhaka', 'Website', 277.03, 320.00, 42.97, 'Review', '2024-03-14 08:17:29', '2024-03-14 08:17:29');

INSERT INTO `migrations` (`id`, `migration`, `batch`) VALUES
(1, '2014_10_12_000000_create_users_table', 1);
INSERT INTO `migrations` (`id`, `migration`, `batch`) VALUES
(2, '2014_10_12_100000_create_password_reset_tokens_table', 1);
INSERT INTO `migrations` (`id`, `migration`, `batch`) VALUES
(3, '2019_08_19_000000_create_failed_jobs_table', 1);
INSERT INTO `migrations` (`id`, `migration`, `batch`) VALUES
(4, '2019_12_14_000001_create_personal_access_tokens_table', 1),
(5, '2023_07_04_220443_create_categories_table', 1),
(6, '2023_07_26_093502_create_customers_table', 1),
(7, '2023_08_04_220140_create_products_table', 1),
(8, '2023_08_26_063544_add_purchase_price_to_products_table', 1),
(9, '2023_08_26_065141_add_book_pdf_to_products_table', 1),
(10, '2023_08_26_093107_create_invoices_table', 1),
(11, '2023_08_26_093315_create_orders_table', 1),
(12, '2023_08_27_065439_add_total_to_orders_table', 1),
(13, '2023_09_21_041617_add_totals_to_invoices_table', 1),
(14, '2023_08_26_093109_create_invoices_table', 2),
(15, '2023_07_26_093501_create_customers_table', 3),
(16, '2023_10_15_065609_create_investments_table', 4),
(17, '2023_10_15_065610_create_accounts_table', 4),
(18, '2023_10_15_065610_create_expenses_table', 4),
(19, '2023_10_15_104700_create_buy_transactions_table', 5),
(20, '2023_10_15_104701_create_sell_transactions_table', 5),
(21, '2023_10_15_104701_create_buy_transactions_table', 6),
(22, '2023_10_15_104702_create_sell_transactions_table', 6);

INSERT INTO `orders` (`id`, `invoice_id`, `product_id`, `customer_id`, `quantity`, `total_amount`, `created_at`, `updated_at`, `total`) VALUES
(7, 7, 14, 5, 1, 510.00, '2023-12-26 16:17:58', '2023-12-26 16:17:58', 600.00);
INSERT INTO `orders` (`id`, `invoice_id`, `product_id`, `customer_id`, `quantity`, `total_amount`, `created_at`, `updated_at`, `total`) VALUES
(10, 10, 14, 7, 1, 510.00, '2023-12-26 20:41:41', '2023-12-26 20:41:41', 600.00);
INSERT INTO `orders` (`id`, `invoice_id`, `product_id`, `customer_id`, `quantity`, `total_amount`, `created_at`, `updated_at`, `total`) VALUES
(11, 11, 14, 8, 1, 510.00, '2023-12-27 17:08:26', '2023-12-27 17:08:26', 560.00);
INSERT INTO `orders` (`id`, `invoice_id`, `product_id`, `customer_id`, `quantity`, `total_amount`, `created_at`, `updated_at`, `total`) VALUES
(13, 13, 14, 9, 1, 510.00, '2023-12-27 17:13:24', '2023-12-27 17:13:24', 560.00),
(14, 14, 14, 10, 1, 510.00, '2023-12-27 19:23:05', '2023-12-27 19:23:05', 600.00),
(15, 15, 16, 10, 1, 220.00, '2023-12-27 19:24:26', '2023-12-27 19:24:26', 310.00),
(16, 16, 14, 11, 1, 510.00, '2023-12-27 20:37:46', '2023-12-27 20:37:46', 600.00),
(17, 17, 14, 12, 1, 510.00, '2023-12-27 20:52:32', '2023-12-27 20:52:32', 600.00),
(18, 18, 14, 13, 1, 510.00, '2023-12-27 22:57:44', '2023-12-27 22:57:44', 560.00),
(20, 20, 14, 14, 1, 510.00, '2023-12-28 19:36:25', '2023-12-28 19:36:25', 600.00),
(21, 21, 14, 15, 1, 510.00, '2023-12-28 19:47:33', '2023-12-28 19:47:33', 600.00),
(22, 22, 14, 16, 1, 510.00, '2023-12-28 21:02:22', '2023-12-28 21:02:22', 600.00),
(23, 23, 7, 17, 1, 300.00, '2023-12-28 21:05:03', '2023-12-28 21:05:03', 390.00),
(24, 24, 7, 18, 1, 300.00, '2023-12-28 22:50:42', '2023-12-28 22:50:42', 390.00),
(25, 25, 23, 18, 1, 225.00, '2023-12-28 22:51:52', '2023-12-28 22:51:52', 315.00),
(26, 26, 24, 18, 1, 185.00, '2023-12-28 22:52:57', '2023-12-28 22:52:57', 275.00),
(28, 28, 3, 19, 1, 250.00, '2023-12-29 15:07:15', '2023-12-29 15:07:15', 656.00),
(29, 29, 3, 20, 1, 250.00, '2023-12-29 20:03:38', '2023-12-29 20:03:38', 696.20),
(30, 29, 25, 20, 1, 6.00, '2023-12-29 20:03:38', '2023-12-29 20:03:38', 116.20),
(31, 30, 23, 21, 1, 24.00, '2023-12-30 18:12:58', '2023-12-30 18:12:58', 262.71),
(32, 30, 24, 21, 1, 19.00, '2023-12-30 18:12:58', '2023-12-30 18:12:58', 231.71),
(33, 30, 29, 21, 1, 19.00, '2023-12-30 18:12:58', '2023-12-30 18:12:58', 260.71),
(34, 31, 31, 22, 1, 20.00, '2023-12-30 18:34:17', '2023-12-30 18:34:17', 262.50),
(35, 31, 32, 22, 1, 15.00, '2023-12-30 18:34:17', '2023-12-30 18:34:17', 172.50),
(36, 32, 23, 23, 3, 72.00, '2023-12-30 19:01:37', '2023-12-30 19:01:37', 618.81),
(37, 32, 33, 23, 1, 18.00, '2023-12-30 19:01:37', '2023-12-30 19:01:37', 244.81),
(38, 32, 26, 23, 1, 30.00, '2023-12-30 19:01:37', '2023-12-30 19:01:37', 334.81),
(39, 32, 35, 23, 1, 18.00, '2023-12-30 19:01:37', '2023-12-30 19:01:37', 244.81),
(40, 32, 36, 23, 5, 140.00, '2023-12-30 19:01:37', '2023-12-30 19:01:37', 914.81),
(41, 32, 24, 23, 1, 19.00, '2023-12-30 19:01:37', '2023-12-30 19:01:37', 251.81),
(42, 32, 16, 23, 1, 40.00, '2023-12-30 19:01:37', '2023-12-30 19:01:37', 334.81),
(43, 32, 34, 23, 2, 48.00, '2023-12-30 19:01:37', '2023-12-30 19:01:37', 454.81),
(44, 33, 39, 24, 1, 20.00, '2023-12-30 22:12:27', '2023-12-30 22:12:27', 271.80),
(45, 34, 2, 25, 1, 90.00, '2023-12-30 22:15:53', '2023-12-30 22:15:53', 292.00),
(47, 36, 2, 26, 1, 90.00, '2023-12-30 22:26:50', '2023-12-30 22:26:50', 292.00),
(48, 37, 2, 27, 1, 90.00, '2023-12-30 22:33:34', '2023-12-30 22:33:34', 298.15),
(49, 37, 3, 27, 1, 250.00, '2023-12-30 22:33:34', '2023-12-30 22:33:34', 698.15),
(50, 37, 38, 27, 1, 1.00, '2023-12-30 22:33:34', '2023-12-30 22:33:34', 113.15),
(51, 38, 2, 28, 1, 90.00, '2023-12-30 22:57:03', '2023-12-30 22:57:03', 252.00),
(52, 39, 2, 29, 1, 90.00, '2023-12-30 23:27:13', '2023-12-30 23:27:13', 295.00),
(53, 39, 37, 29, 1, 120.00, '2023-12-30 23:27:13', '2023-12-30 23:27:13', 395.00),
(54, 40, 3, 30, 1, 250.00, '2023-12-31 14:26:25', '2023-12-31 14:26:25', 656.35),
(55, 40, 40, 30, 1, 6.00, '2023-12-31 14:26:25', '2023-12-31 14:26:25', 76.35),
(56, 40, 38, 30, 1, 1.00, '2023-12-31 14:26:25', '2023-12-31 14:26:25', 71.35),
(57, 41, 14, 31, 1, 510.00, '2023-12-31 20:43:44', '2023-12-31 20:43:44', 600.00),
(59, 50, 2, 35, 1, 90.00, '2024-01-01 20:21:49', '2024-01-01 20:21:49', 252.00),
(60, 51, 39, 36, 1, 20.00, '2024-01-01 22:04:55', '2024-01-01 22:04:55', 223.72),
(61, 51, 7, 36, 0, 0.00, '2024-01-01 22:04:55', '2024-01-01 22:04:55', 43.72),
(62, 51, 8, 36, 1, 27.00, '2024-01-01 22:04:55', '2024-01-01 22:04:55', 235.72),
(63, 52, 2, 33, 1, -90.00, '2024-01-01 22:06:00', '2024-01-01 22:06:00', -162.00),
(64, 53, 7, 34, 1, 90.00, '2024-01-01 22:08:44', '2024-01-01 22:08:44', 395.10),
(65, 53, 13, 34, 1, 53.00, '2024-01-01 22:08:44', '2024-01-01 22:08:44', 305.10),
(66, 54, 14, 37, 1, 510.00, '2024-01-01 22:19:50', '2024-01-01 22:19:50', 560.00),
(67, 55, 16, 37, 1, 220.00, '2024-01-01 22:22:16', '2024-01-01 22:22:16', 270.00),
(68, 56, 14, 38, 1, 510.00, '2024-01-01 22:22:22', '2024-01-01 22:22:22', 560.00),
(69, 57, 14, 39, 1, 510.00, '2024-01-01 22:34:05', '2024-01-01 22:34:05', 600.00),
(72, 74, 2, 40, 1, 90.00, '2024-01-02 15:29:54', '2024-01-02 15:29:54', 242.00),
(73, 75, 14, 43, 1, 153.00, '2024-01-02 15:30:31', '2024-01-02 15:30:31', 605.10),
(75, 77, 24, 45, 1, 19.00, '2024-01-02 19:15:24', '2024-01-02 19:15:24', 233.04),
(76, 77, 29, 45, 1, 17.00, '2024-01-02 19:15:24', '2024-01-02 19:15:24', 218.04),
(77, 77, 42, 45, 1, 25.00, '2024-01-02 19:15:25', '2024-01-02 19:15:25', 271.04),
(78, 77, 34, 45, 1, 24.00, '2024-01-02 19:15:25', '2024-01-02 19:15:25', 266.04),
(79, 78, 5, 42, 1, 300.00, '2024-01-02 19:21:41', '2024-01-02 19:21:41', 390.00),
(80, 78, 7, 42, 1, 300.00, '2024-01-02 19:21:41', '2024-01-02 19:21:41', 390.00),
(81, 79, 14, 46, 1, 510.00, '2024-01-02 20:09:22', '2024-01-02 20:09:22', 600.00),
(83, 81, 7, 47, 1, 90.00, '2024-01-02 21:38:30', '2024-01-02 21:38:30', 393.00),
(85, 83, 2, 48, 1, 90.00, '2024-01-03 20:55:05', '2024-01-03 20:55:05', 282.20),
(86, 83, 40, 48, 1, 6.00, '2024-01-03 20:55:05', '2024-01-03 20:55:05', 102.20),
(87, 84, 14, 49, 2, 306.00, '2024-01-04 02:23:26', '2024-01-04 02:23:26', 1124.70),
(88, 84, 39, 49, 1, 20.00, '2024-01-04 02:23:26', '2024-01-04 02:23:26', 284.70),
(89, 84, 28, 49, 1, 30.00, '2024-01-04 02:23:26', '2024-01-04 02:23:26', 374.70),
(90, 77, 43, 45, 1, 34.00, '2024-01-04 02:46:59', '2024-01-04 02:46:59', 300.00),
(91, 85, 3, 50, 1, 250.00, '2024-01-04 12:07:29', '2024-01-04 12:07:29', 654.30),
(92, 85, 44, 50, 1, 100.00, '2024-01-04 12:07:29', '2024-01-04 12:07:29', 524.30),
(93, 85, 23, 50, 1, 24.00, '2024-01-04 12:07:29', '2024-01-04 12:07:29', 222.30),
(94, 85, 8, 50, 1, 27.00, '2024-01-04 12:07:29', '2024-01-04 12:07:29', 246.30),
(95, 86, 25, 51, 1, 20.00, '2024-01-04 21:04:16', '2024-01-04 21:04:16', 110.00),
(96, 86, 14, 51, 1, 510.00, '2024-01-04 21:04:16', '2024-01-04 21:04:16', 600.00),
(97, 86, 32, 51, 1, 80.00, '2024-01-04 21:04:16', '2024-01-04 21:04:16', 170.00),
(98, 87, 2, 52, 1, 90.00, '2024-01-04 22:38:52', '2024-01-04 22:38:52', 292.00),
(99, 88, 2, 53, 1, 90.00, '2024-01-04 22:46:11', '2024-01-04 22:46:11', 252.00),
(100, 89, 2, 54, 1, 90.00, '2024-01-04 22:54:28', '2024-01-04 22:54:28', 292.00),
(101, 90, 2, 55, 1, 90.00, '2024-01-04 23:01:30', '2024-01-04 23:01:30', 298.15),
(102, 90, 3, 55, 1, 250.00, '2024-01-04 23:01:30', '2024-01-04 23:01:30', 698.15),
(103, 90, 38, 55, 1, 1.00, '2024-01-04 23:01:30', '2024-01-04 23:01:30', 113.15),
(104, 91, 2, 56, 1, 90.00, '2024-01-04 23:06:09', '2024-01-04 23:06:09', 252.00),
(105, 92, 23, 57, 1, 24.00, '2024-01-04 23:27:40', '2024-01-04 23:27:40', 259.68),
(106, 93, 37, 58, 1, 120.00, '2024-01-04 23:31:42', '2024-01-04 23:31:42', 353.00),
(107, 94, 45, 59, 1, 40.00, '2024-01-05 00:01:54', '2024-01-05 00:01:54', 324.48),
(108, 94, 23, 59, 1, 24.00, '2024-01-05 00:01:54', '2024-01-05 00:01:54', 212.48),
(109, 95, 28, 60, 1, 30.00, '2024-01-05 14:04:59', '2024-01-05 14:04:59', 322.70),
(110, 96, 14, 61, 1, 510.00, '2024-01-05 20:41:32', '2024-01-05 20:41:32', 560.00),
(111, 97, 14, 62, 1, 510.00, '2024-01-05 20:44:27', '2024-01-05 20:44:27', 560.00),
(112, 98, 14, 63, 1, 510.00, '2024-01-05 20:48:35', '2024-01-05 20:48:35', 560.00),
(114, 100, 14, 65, 1, 510.00, '2024-01-05 22:31:31', '2024-01-05 22:31:31', 600.00),
(115, 101, 3, 66, 1, 250.00, '2024-01-05 23:03:38', '2024-01-05 23:03:38', 696.15),
(116, 101, 38, 66, 1, 1.00, '2024-01-05 23:03:38', '2024-01-05 23:03:38', 111.15),
(117, 102, 7, 67, 1, 90.00, '2024-01-05 23:59:57', '2024-01-05 23:59:57', 393.00),
(118, 103, 37, 68, 1, 120.00, '2024-01-06 10:56:36', '2024-01-06 10:56:36', 399.50),
(119, 103, 46, 68, 1, 36.00, '2024-01-06 10:56:36', '2024-01-06 10:56:36', 324.50),
(120, 103, 47, 68, 1, 36.00, '2024-01-06 10:56:36', '2024-01-06 10:56:36', 324.50),
(121, 103, 48, 68, 1, 50.00, '2024-01-06 10:56:36', '2024-01-06 10:56:36', 299.50),
(122, 103, 38, 68, 1, 1.00, '2024-01-06 10:59:33', '2024-01-06 10:59:33', 105.00),
(123, 104, 3, 69, 1, 250.00, '2024-01-06 20:59:44', '2024-01-06 20:59:44', 698.20),
(124, 104, 2, 69, 1, 90.00, '2024-01-06 20:59:45', '2024-01-06 20:59:45', 298.20),
(125, 104, 25, 69, 1, 6.00, '2024-01-06 20:59:45', '2024-01-06 20:59:45', 118.20),
(128, 122, 7, 74, 1, 90.00, '2024-01-07 20:39:09', '2024-01-07 20:39:09', 393.00),
(129, 123, 50, 75, 1, 50.00, '2024-01-07 20:51:07', '2024-01-07 20:51:07', 453.60),
(130, 124, 14, 76, 1, 510.00, '2024-01-07 21:39:03', '2024-01-07 21:39:03', 600.00),
(131, 125, 14, 77, 1, 510.00, '2024-01-07 23:23:43', '2024-01-07 23:23:43', 600.00),
(132, 126, 2, 78, 1, 90.00, '2024-01-08 20:38:06', '2024-01-08 20:38:06', 292.00),
(133, 127, 14, 79, 1, 510.00, '2024-01-08 20:48:42', '2024-01-08 20:48:42', 550.00),
(134, 128, 3, 80, 1, 250.00, '2024-01-08 20:51:37', '2024-01-08 20:51:37', 699.15),
(135, 128, 53, 80, 1, 18.00, '2024-01-08 20:51:37', '2024-01-08 20:51:37', 249.15),
(136, 128, 54, 80, 1, 18.00, '2024-01-08 20:51:37', '2024-01-08 20:51:37', 249.15),
(137, 128, 38, 80, 1, 1.00, '2024-01-08 20:51:37', '2024-01-08 20:51:37', 114.15),
(139, 130, 3, 81, 1, 250.00, '2024-01-08 21:37:40', '2024-01-08 21:37:40', 699.40),
(140, 130, 55, 81, 1, 40.00, '2024-01-08 21:37:40', '2024-01-08 21:37:40', 439.40),
(141, 130, 38, 81, 1, 1.00, '2024-01-08 21:38:24', '2024-01-08 21:38:24', 105.00),
(142, 131, 14, 82, 1, 510.00, '2024-01-08 21:56:51', '2024-01-08 21:56:51', 560.00),
(143, 132, 3, 83, 1, 250.00, '2024-01-08 22:53:22', '2024-01-08 22:53:22', 696.15),
(144, 132, 38, 83, 1, 1.00, '2024-01-08 22:53:22', '2024-01-08 22:53:22', 111.15),
(145, 133, 14, 84, 1, 510.00, '2024-01-08 23:21:17', '2024-01-08 23:21:17', 600.00),
(147, 135, 7, 86, 1, 90.00, '2024-01-08 23:24:21', '2024-01-08 23:24:21', 353.00),
(148, 136, 3, 87, 1, 250.00, '2024-01-09 08:49:39', '2024-01-09 08:49:39', 698.15),
(149, 136, 2, 87, 1, 90.00, '2024-01-09 08:49:39', '2024-01-09 08:49:39', 298.15),
(150, 136, 38, 87, 1, 1.00, '2024-01-09 08:49:39', '2024-01-09 08:49:39', 113.15),
(151, 137, 14, 88, 1, 153.00, '2024-01-09 09:17:48', '2024-01-09 09:17:48', 605.10),
(152, 138, 2, 89, 1, 90.00, '2024-01-09 10:25:44', '2024-01-09 10:25:44', 252.00),
(153, 139, 3, 90, 1, 250.00, '2024-01-09 19:02:08', '2024-01-09 19:02:08', 698.15),
(154, 139, 2, 90, 1, 90.00, '2024-01-09 19:02:08', '2024-01-09 19:02:08', 298.15),
(155, 139, 38, 90, 1, 1.00, '2024-01-09 19:02:08', '2024-01-09 19:02:08', 113.15),
(156, 140, 14, 91, 1, 510.00, '2024-01-09 19:42:17', '2024-01-09 19:42:17', 560.00),
(157, 141, 2, 92, 1, 90.00, '2024-01-09 20:23:55', '2024-01-09 20:23:55', 298.15),
(158, 141, 3, 92, 1, 250.00, '2024-01-09 20:23:55', '2024-01-09 20:23:55', 698.15),
(159, 141, 38, 92, 1, 1.00, '2024-01-09 20:23:55', '2024-01-09 20:23:55', 113.15),
(160, 142, 2, 93, 1, 90.00, '2024-01-09 21:15:28', '2024-01-09 21:15:28', 282.00),
(161, 143, 2, 94, 1, 90.00, '2024-01-09 22:16:46', '2024-01-09 22:16:46', 298.15),
(162, 143, 3, 94, 1, 250.00, '2024-01-09 22:16:46', '2024-01-09 22:16:46', 698.15),
(163, 143, 38, 94, 1, 1.00, '2024-01-09 22:16:46', '2024-01-09 22:16:46', 113.15),
(164, 144, 56, 95, 1, 40.00, '2024-01-25 15:09:41', '2024-01-25 15:09:41', 262.20),
(165, 145, 56, 96, 1, 40.00, '2024-01-25 15:10:56', '2024-01-25 15:10:56', 262.20),
(166, 146, 56, 97, 1, 40.00, '2024-01-25 15:12:13', '2024-01-25 15:12:13', 262.20),
(167, 147, 56, 98, 1, 40.00, '2024-01-25 15:13:22', '2024-01-25 15:13:22', 262.20),
(168, 148, 56, 99, 1, 40.00, '2024-01-25 15:14:28', '2024-01-25 15:14:28', 262.20),
(169, 149, 57, 100, 1, 15.00, '2024-01-25 15:20:08', '2024-01-25 15:20:08', 151.10),
(170, 150, 57, 101, 1, 15.00, '2024-01-25 15:20:59', '2024-01-25 15:20:59', 151.10),
(171, 151, 3, 102, 1, 250.00, '2024-01-29 20:54:29', '2024-01-29 20:54:29', 686.00),
(176, 153, 3, 103, 1, 250.00, '2024-01-29 23:08:12', '2024-01-29 23:08:12', 685.45),
(177, 153, 4, 103, 1, 350.00, '2024-01-29 23:08:12', '2024-01-29 23:08:12', 935.45),
(178, 153, 61, 103, 1, 20.00, '2024-01-29 23:08:12', '2024-01-29 23:08:12', 150.45),
(179, 153, 60, 103, 1, 2.00, '2024-01-29 23:08:12', '2024-01-29 23:08:12', 100.45),
(180, 153, 38, 103, 1, 1.00, '2024-01-29 23:08:12', '2024-01-29 23:08:12', 100.45),
(181, 154, 3, 104, 1, 250.00, '2024-01-30 06:57:10', '2024-01-30 06:57:10', 684.80),
(182, 154, 4, 104, 1, 350.00, '2024-01-30 06:57:10', '2024-01-30 06:57:10', 934.80),
(183, 154, 60, 104, 1, 2.00, '2024-01-30 06:57:10', '2024-01-30 06:57:10', 99.80),
(184, 154, 38, 104, 1, 1.00, '2024-01-30 06:57:10', '2024-01-30 06:57:10', 99.80),
(185, 155, 3, 105, 1, 250.00, '2024-02-06 13:53:10', '2024-02-06 13:53:10', 708.70),
(186, 155, 4, 105, 1, 350.00, '2024-02-06 13:53:10', '2024-02-06 13:53:10', 958.70),
(187, 155, 41, 105, 1, 90.00, '2024-02-06 13:53:10', '2024-02-06 13:53:10', 298.70),
(188, 155, 38, 105, 1, 1.00, '2024-02-06 13:53:10', '2024-02-06 13:53:10', 123.70),
(189, 155, 62, 105, 2, 10.00, '2024-02-06 13:53:10', '2024-02-06 13:56:26', 258.70),
(190, 155, 61, 105, 1, 20.00, '2024-02-06 13:53:10', '2024-02-06 13:53:10', 173.70),
(191, 156, 4, 106, 1, 350.00, '2024-02-06 14:32:06', '2024-02-06 14:32:06', 949.80);
INSERT INTO `orders` (`id`, `invoice_id`, `product_id`, `customer_id`, `quantity`, `total_amount`, `created_at`, `updated_at`, `total`) VALUES
(192, 156, 61, 106, 2, 40.00, '2024-02-06 14:32:06', '2024-02-06 14:32:06', 229.80),
(193, 157, 63, 107, 1, 90.00, '2024-02-06 14:39:52', '2024-02-06 14:39:52', 383.40),
(194, 158, 64, 108, 1, 10.00, '2024-02-06 14:56:36', '2024-02-06 14:56:36', 110.75),
(195, 159, 64, 109, 1, 10.00, '2024-02-06 14:59:03', '2024-02-06 14:59:03', 110.75),
(196, 160, 35, 110, 1, 130.00, '2024-03-04 00:13:50', '2024-03-04 00:13:50', 220.00),
(197, 161, 29, 110, 1, 122.00, '2024-03-04 00:17:03', '2024-03-04 00:17:03', 212.00),
(198, 162, 59, 111, 1, 230.00, '2024-03-13 23:37:31', '2024-03-13 23:37:31', 280.00),
(199, 163, 59, 112, 1, 230.00, '2024-03-14 08:17:29', '2024-03-14 08:17:29', 320.00);





INSERT INTO `products` (`id`, `name`, `short_description`, `description`, `image`, `image_gallery`, `author`, `regular_price`, `sale_price`, `stock_quantity`, `category_id`, `created_at`, `updated_at`, `purchase_price`, `pdf_file`) VALUES
(2, 'তাসাওউফ ও আত্মশুদ্ধি', 'প্রকাশনী : দারুত তিবইয়ান', 'প্রকাশনী : দারুত তিবইয়ান\r\nপৃষ্ঠা : 352, \r\nকভার : হার্ড কভার\r\n\r\nতাসাওউফ বা আত্মশুদ্ধি, মুমিন জীবনের সাথে সংশ্লিষ্ট গুরুত্বপূর্ণ একটি অনুষঙ্গ। আত্মিক উন্নতি ছাড়া মুমিন নিজেকে নফসের ধোঁকা থেকে, শয়তানের কবজা থেকে হেফাজত রাখতে পারে না। মুমিনের আত্মিক উন্নতির এ মাধ্যমই হলো ‘তাসাওউফ’ বা ‘আত্মশুদ্ধি’। . নফসের বিরুদ্ধে লড়াই করে জিততে পারলেই একজন মানুষ মুমিন হিসেবে নিজেকে রবের সামনে উপস্থাপন করতে পারবে, রবের পক্ষ থেকে মুক্তির আশা রাখতে পারবে। অন্যথায় শয়তান এবং নফসের আধিপত্য তাকে জাহান্নামের গর্তে নিক্ষেপ করবে। চিরসুখ থেকে বিমুখ করে দুর্দশাগ্রস্ত করবে। . অন্তরের সেসব ব্যাধি এবং তার চিকিৎসা নিয়েই রচিত এ বইটি। শাইখুল ইসলাম মুফতি মুহাম্মদ তাকি উসমানি সাহেব দামাত বারকাতুহুম রচিত এ গ্রন্থটি মানুষের দিলের সেসব রোগ এবং ব্যাধি দূরের প্রক্রিয়া ও মাধ্যম জানাবে। বইটির পাঠ মানস মনে শুদ্ধির ঝড় তুলুক এবং এবং শয়তানের কুমন্ত্রণা, নফসের গোলামি থেকে হেফাজত করুক।', 'product_images/70R9w0fVBF0MqlbuDEAS8kIE06FQJh8Q2W90LCxA.jpg', NULL, 'লেখক : শাইখুল ইসলাম মুফতী মুহাম্মাদ তাকী উসমানী', 500.00, 200.00, 0, 2, '2023-09-28 04:44:25', '2024-01-02 15:29:54', 110.00, NULL);
INSERT INTO `products` (`id`, `name`, `short_description`, `description`, `image`, `image_gallery`, `author`, `regular_price`, `sale_price`, `stock_quantity`, `category_id`, `created_at`, `updated_at`, `purchase_price`, `pdf_file`) VALUES
(3, 'শামায়েলে তিরমিজি [নবিজি এমন ছিলেন] (দুই খণ্ড)', 'প্রকাশনী : পথিক প্রকাশন', 'বিষয় : সীরাতে রাসূল (সা.), সুন্নাত ও শিষ্টাচার, আদব, আখলাক, নবীজির সীরাহ বিষয়ক সেরা বইগুলো\r\nপৃষ্ঠা : 688, \r\nকভার : হার্ড কভার,', 'product_images/VDR0FhhSef7AU1731kJ8u1KtivbRs0qhfslnLpoJ.jpg', NULL, 'লেখক : ইমাম আবু ঈসা আত তিরমিযী (রহঃ), মুহাম্মাদ সালেহ আল মুনাজ্জিদ', 1100.00, 600.00, 0, 2, '2023-09-28 04:48:15', '2024-01-06 20:59:44', 350.00, NULL);
INSERT INTO `products` (`id`, `name`, `short_description`, `description`, `image`, `image_gallery`, `author`, `regular_price`, `sale_price`, `stock_quantity`, `category_id`, `created_at`, `updated_at`, `purchase_price`, `pdf_file`) VALUES
(4, 'রিয়াদুস সালিহীন (প্রথম ও দ্বিতীয় খণ্ড)', 'প্রকাশনী : পথিক প্রকাশন', 'হাদীস সংখ্যাঃ 1896 টি।\r\nপৃষ্ঠা : 1152, \r\nকভার: হার্ড কভার\r\nফ্রীঃ 1টি বই, 1টি নোটবুক, 2টি বুকমার্ক।', 'product_images/uHIakyguNBpWr5N8I6cV5gWbx1aC9HI5sxIqLgHl.jpg', NULL, 'লেখক : ইমাম মুহিউদ্দীন ইয়াহইয়া আন-নববী (র)', 1800.00, 850.00, 0, 2, '2023-09-29 01:09:57', '2023-12-23 17:29:24', 500.00, NULL);
INSERT INTO `products` (`id`, `name`, `short_description`, `description`, `image`, `image_gallery`, `author`, `regular_price`, `sale_price`, `stock_quantity`, `category_id`, `created_at`, `updated_at`, `purchase_price`, `pdf_file`) VALUES
(5, 'আর রাহীকুল মাখতুম (স্ট্যান্ডার্ড)', 'প্রকাশনী : দারুত তিবইয়ান', 'পৃষ্ঠা : 720, \r\nকভার : হার্ড কভার।', 'product_images/OcMlZSBfwWqXM0oLnmTFiuxBTTYEnA4raxMbV2Vd.jpg', NULL, 'লেখক : আল্লামা সফিউর রহমান মুবারকপুরী (রহ.)', 750.00, 300.00, 0, 2, '2023-09-29 01:14:16', '2023-12-25 22:41:15', 200.00, NULL),
(6, 'ইমাম নববীর চল্লিশ হাদিস', 'প্রকাশনী : মাকতাবাতুন নূর', 'পৃষ্ঠাসংখ্যা: 208 \r\nকভার: হার্ড কভার', 'product_images/qiVHNRJJUGnFyOlihosGGENYQJl18vEZid3yNtXz.jpg', NULL, 'লেখক : ইমাম মুহিউদ্দীন ইয়াহইয়া আন-নববী (র)', 450.00, 240.00, 0, 2, '2023-09-29 01:19:31', '2023-12-23 17:29:52', 180.00, NULL),
(7, 'উদ্দেশ্যহীন আর কত দিন?', 'প্রকাশনী : পথিক প্রকাশন', 'বিষয় : আত্মশুদ্ধি ও অনুপ্রেরণা\r\nপৃষ্ঠা : 304, \r\nকভার : হার্ড কভার', 'product_images/p5Kod4BpJ47cUJd74MxBZ4HeJqAxSwyeHzwC9LNN.jpg', NULL, 'লেখক : মুহাম্মাদ হোবলস', 600.00, 300.00, 0, 2, '2023-09-29 01:45:21', '2024-01-01 22:04:55', 210.00, NULL),
(8, 'রাসূলের চোখে দুনিয়া', 'প্রকাশনী : মাকতাবাতুল বায়ান', 'দুনিয়া এক রহস্যঘেরা জায়গা। এখানে মানুষ আসে। শৈশব, কৈশোর আর তারুণ্যের সিড়ি বেয়ে বার্ধক্যে পৌঁছে। তারপর হঠাৎ একদিন চলে যায়। এই স্বল্পতম সময়ে দুনিয়াবি সফলতার সিঁড়ি বেয়ে উপারে উঠার জন্য মানুষের কি নিরন্তর চেষ্টা। অথচ সে জানে না উপরে উঠতে গিয়ে সে কতটা নিচে নেমে যাচ্ছে।দুনিয়ার সাথে আমাদের সত্যিকার সম্পর্ক কী? দুনিয়ার ব্যাপারে আমাদের দৃষ্টিভঙ্গি কেমন হওয়া উচিত? প্রকৃত সফলতা কিসে? নবী রাসূলদের জীবন ও বক্তব্য থেকে এসব প্রশ্নের উত্তর জানতে পড়ুন ইমাম আহমদ ইবনে হাম্বল (রহঃ) রচিত এক কালজয়ী গ্রন্থ ‘কিতাব যুহুদের’ অনুবাদ এই ‘রাসূলের চোখে দুনিয়া’', 'product_images/49lMVt0qdymAp8XlJMlHejtOv0wVALTobsT3XirF.jpg', NULL, 'লেখক : ইমাম আহমাদ ইবনে হাম্বল (রহঃ)', 275.00, 192.00, 0, 2, '2023-10-07 17:37:29', '2023-10-07 17:47:54', 165.00, NULL),
(9, 'সাহাবিদের চোখে দুনিয়া', 'প্রকাশনী : মাকতাবাতুল বায়ান', 'বিষয় : আত্মশুদ্ধি ও অনুপ্রেরণা, যুহদ বিষয়ক বই\r\nপৃষ্ঠা : 220\r\nকভার : হার্ড কভার', 'product_images/HrWXzUCRiMisGWzlWHBMCKyCbjflHGZiXrE47Hpn.jpg', NULL, 'লেখক : ইমাম আহমাদ ইবনে হাম্বল (রহঃ)', 317.00, 220.00, 0, 2, '2023-10-07 17:47:20', '2023-10-07 17:47:20', 190.00, NULL),
(10, 'তাবিয়িদের চোখে দুনিয়া', 'প্রকাশনী : মাকতাবাতুল বায়ান', 'বিষয় : আত্মশুদ্ধি ও অনুপ্রেরণা, যুহদ বিষয়ক বই\r\nঅনুবাদক : আবদুল্লাহ আল মাসউদ\r\nসম্পাদক : মোস্তফা মনজুর\r\nপৃষ্ঠা : 320\r\nকভার : হার্ড কভার\r\nভাষা : বাংলা', 'product_images/JXLoPHVPePzQ18Z6408lX5In9vGGbtQe2EV5GJUc.jpg', '[\"product_images/qV68diJFtxaWiUAHSMSPaOuDhjPnLYoYP76pbvIo.jpg\", \"product_images/s8avzZF7d7OBATtlBPmTxNbmAOBLDLsi0Aa1bsdz.jpg\", \"product_images/75shDYgs1jWkZG4EYRKa9r2dHS3fwh6IwmOZngCW.jpg\", \"product_images/ACprG8IJ4YySIEhpZYXYLfp1FWCvb262FjUPTRdO.jpg\", \"product_images/tS4F0rr6AKqzIFiHtK3NaAdUPYUQjO6gY2OBvTN6.jpg\", \"product_images/A51QjBCT2RoC0b1JkCgbbXSX5A1pp3MeJwz3nvUW.jpg\", \"product_images/iMDiTiEigVxYuDd5D3dY8PfK7y1mnxpQZj1WsVfG.jpg\", \"product_images/piAPLsVBe2tE1fZYpfhs2A9DfU4k2dn11upMjkeK.jpg\", \"product_images/2FeqmD6iSM8eTODNTogxquD8rSfVblyIRTan943o.jpg\"]', 'লেখক : ইমাম আহমাদ ইবনে হাম্বল (রহঃ)', 417.00, 290.00, 0, 2, '2023-10-07 17:52:37', '2023-10-07 17:52:37', 250.00, NULL),
(11, 'যুহদ প্যাকেজ', 'প্রকাশনী : মাকতাবাতুল বায়ান', 'জনৈক ব্যক্তি রসূল ﷺ এর নিকট এসে বলল, ‘হে আল্লাহর রসূল ﷺ ! আমাকে এমন একটি আমল বলে দিন; যা আমি করলে আল্লাহ আমাকে ভালোবাসবেন এবং মানুষও আমাকে ভালোবাসবে। তখন তিনি ﷺ বললেন- দুনিয়া বিমুখতা অবলম্বন করো; তাহলে আল্লাহ তোমাকে ভালোবাসবেন। আর মানুষের নিকট যা আছে, সেগুলোর ব্যাপারে নির্মোহী হও; তাহলে মানুষ তোমাকে ভালোবাসবে।\'(সুনান ইবন মাজাহ)\r\n.\r\n“এত এত বই আসছে, কোনটা রেখে কোনটা কিনবো?!” বর্তমানে এরকম দোদুল্যমান পরিস্থিতিতে পড়াটা অস্বাভাবিক নয়। সত্যি বলতে এত বই পড়ে কোনো লাভ নেই যদি না সেই অধ্যয়ন আমাদেরকে আল্লাহর নিকটবর্তী করে, আল্লাহকে ভালোবাসতে শেখায়। আল্লাহর ভালোবাসা, তাঁর রহমত ব্যতীত কোন পাঠক উপকৃত হতে পারে না, কোনো আমলকারী স্বীয় আমল দিয়ে জান্নাত পাবে না। আল্লাহর ভালোবাসা অর্জন হয় কেবল দুনিয়ার বিমুখতার দ্বারা। দুনিয়া বিমুখতা আত্মার পরিশুদ্ধির জন্য সর্বশ্রেষ্ঠ আমল। লোভ লালসা, অহংকার, হিংসা, রিয়া, কুনজর, ব্যভিচার, চুরি, হত্যা- সকল ফাসাদের সমাধান হচ্ছে দুনিয়া বিমুখতা।\r\nতাই মাকতাবাতুল বায়ানের সৌজন্যে দুনিয়া বিমুখতার ওপর সবচে’ প্রাচীনতম বই ইমাম আহমাদের  কিতাবুয যুহদের বাংলা রূপ ‘রাসূলের চোখে দুনিয়া‘ ,  ‘সাহাবিদের চোখে দুনিয়া‘, এবং তাবিয়িদের চোখে দুনিয়া—এই 3টি বইয়ের অবলম্বনে ‘যুহদ প্যাকেজ’ নিয়ে আপনাদের সামনে আমরা উপস্থিত হয়েছি।', 'product_images/caCwZM4Cy010ZbynEkU8v7SIKpvYJ9ZcqNFy0tSJ.jpg', NULL, 'লেখক : ইমাম আহমাদ ইবনে হাম্বল (রহঃ)', 1009.00, 700.00, 0, 2, '2023-10-07 17:56:57', '2023-10-07 17:56:57', 605.00, NULL),
(13, 'ফুল হয়ে ফোটো', 'প্রকাশনী : পথিক প্রকাশন', 'অনুবাদ: মুহসিন আব্দুল্লাহ ও কায়সার আহমাদ \r\nপৃষ্ঠা: 240\r\nকভার: হার্ড কভার', 'product_images/NYik6eRz3Al6scMC7JSZ6W1Urzv15bDaujPYg8Hj.jpg', NULL, 'লেখক: মুহাম্মাদ হোবলস', 420.00, 210.00, 0, 2, '2023-12-23 16:58:06', '2024-01-01 23:24:28', 147.00, NULL),
(14, 'উদ্দেশ্যহীন আর কতদিন, ফুল হয়ে ফোটো', 'প্রকাশনী : পথিক প্রকাশন', 'মোট পৃষ্ঠা: 544\r\nকভার: হার্ড কভার', 'product_images/qpbsKI3DqixPs1vwqutqnIHHJjdrJUM55Nu9PanE.jpg', NULL, 'মোহাম্মদ হোবলস', 1020.00, 510.00, 0, 2, '2023-12-23 17:01:50', '2024-01-08 21:39:47', 357.00, NULL),
(15, 'রাহে বেলায়াত', 'প্রকাশনী : আস সুন্নাহ পাবলিকেশন', 'পৃষ্ঠা: 656\r\nকভার: হার্ড কভার \r\nবিষয়: দু\'আ ও যিকির', 'product_images/XPUMflwsFOBwaenSbTonEZ9hDhu7c7ueE3wg7ESq.jpg', NULL, 'লেখক: ড. মুহাম্মাদ আব্দুল্লাহ জাহাঙ্গীর (রহ:)', 550.00, 350.00, 0, 2, '2023-12-25 22:31:20', '2023-12-25 22:31:20', 330.00, NULL),
(16, 'প্যারাডক্সিকাল সাজিদ', 'প্রকাশনী : গার্ডিয়ান পাবলিকেশন', 'পৃষ্ঠা: 168\r\nকভার: হার্ড কভার', 'product_images/bg4L7jtWRuJ6YInJcArjs0qD7LTIlDd3wJFbSHBk.jpg', NULL, 'লেখক: আরিফ আজাদ', 225.00, 220.00, 0, 2, '2023-12-25 22:33:41', '2023-12-25 22:33:41', 180.00, NULL),
(17, 'তাফসীরুল কুরআন বিল কুরআন', 'প্রকাশনী : ইমাম পাবলিকেশন লি:', 'পৃষ্ঠা: 958\r\nকভার: হার্ড কভার \r\nবিষয়: তরজমা ও তাফসীর', 'product_images/uDnaSfz1fYVlzKroUg9CCk4fqQ4jQGPzDfrgO0sW.jpg', NULL, 'লেখক: আরবী প্রভাষক (আলহাজ্জ মুহাম্মদ ইউসুফ মেমোরিয়াল দারুল হাদীস মাদরাসা সুরিটোলা ঢাকা-1100)', 1500.00, 760.00, 0, 2, '2023-12-25 22:40:12', '2023-12-25 22:40:12', 600.00, NULL),
(18, 'কিতাবুল ফিতান (তিন খণ্ড একত্রে)', 'প্রকাশনী : পথিক প্রকাশন', 'পৃষ্ঠা : 1152, \r\nকভার : হার্ড কভার', 'product_images/6gE4SGRvdE1QI4RjJdoH5mDQf3ONZEqLSvS5nwDR.jpg', NULL, 'লেখক : ইমাম নুআইম ইবনে হাম্মাদ', 1056.00, 520.00, 0, 2, '2023-12-27 19:54:48', '2023-12-27 19:54:48', 420.00, NULL),
(19, 'আজ রাজত্ব কার? [রাজত্ব শুধু আল্লাহর]', 'প্রকাশনী : পথিক প্রকাশন', 'পৃষ্ঠা : 400, \r\nকভার : হার্ড কভার, \r\nভাষা : বাংলা', 'product_images/dRHV3ZIfG7GiRIOdjAmHaYkgBxa4G514yAahNlbz.jpg', NULL, 'লেখক : মুহাম্মাদ সালেহ আল মুনাজ্জিদ', 700.00, 335.00, 0, 2, '2023-12-27 20:21:14', '2023-12-27 20:21:14', 280.00, NULL),
(20, 'তাদাব্বুরে হাদিস সিরিজ (1-3)', 'প্রকাশনী : পথিক প্রকাশন', 'বিষয় : হাদিস বিষয়ক আলোচনা\r\nকভার : হার্ড কভার, \r\nসংস্করণ : 1st Published, 2023', 'product_images/TMD4SbyLpCpYi4aRq6hT7iAe6luMPYD0ANmeNGS8.png', NULL, 'লেখক : মুহাম্মাদ সালেহ আল মুনাজ্জিদ', 2250.00, 1120.00, 0, 2, '2023-12-27 22:25:54', '2023-12-27 22:25:54', 900.00, NULL),
(21, 'অভিশপ্ত জাতি', 'প্রকাশনী : পথিক প্রকাশন', 'পৃষ্ঠা : 88, \r\nকভার : হার্ড কভার, \r\nসংস্করণ : 1st Published, 2022', 'product_images/UxMYnlldnWB3zQroObXq4OissN4nPHuj0Fj9K7x7.png', NULL, 'লেখক : শাইখ আলী তানতাভী', 200.00, 100.00, 0, 2, '2023-12-27 22:30:15', '2023-12-27 22:30:15', 80.00, NULL),
(22, 'প্যারাডক্সিক্যাল সাজিদ 2', 'প্রকাশনী : সমকালীন প্রকাশন', 'পৃষ্ঠা : 225, \r\nকভার : পেপার ব্যাক', 'product_images/hXz7y5C9bVgMXrHIkkw7AhReqCiyURku5HcCna3U.png', NULL, 'লেখক: আরিফ আজাদ', 390.00, 265.00, 0, 2, '2023-12-28 22:14:07', '2023-12-28 22:14:07', 234.00, NULL),
(23, 'বেলা ফুরাবার আগে', 'প্রকাশনী : সমকালীন প্রকাশন', 'পৃষ্ঠা : 192,\r\nকভার : পেপার ব্যাক', 'product_images/rlsQt6GX4qIMavXDAiNvSDRtFgDiEu1aLjRU9bSp.png', NULL, 'আরিফ আজাদ', 335.00, 168.00, 0, 2, '2023-12-28 22:17:24', '2023-12-30 18:07:10', 144.00, NULL);
INSERT INTO `products` (`id`, `name`, `short_description`, `description`, `image`, `image_gallery`, `author`, `regular_price`, `sale_price`, `stock_quantity`, `category_id`, `created_at`, `updated_at`, `purchase_price`, `pdf_file`) VALUES
(24, 'জীবন যেখানে যেমন', 'প্রকাশনী : সমকালীন প্রকাশন', 'পৃষ্ঠা : 152, \r\nকভার : পেপার ব্যাক', 'product_images/borTEmAEpwNvppM8xgzdKwy9tc2MiFlbASjA0LgE.jpg', NULL, 'লেখক: আরিফ আজাদ', 275.00, 137.00, 0, 2, '2023-12-28 22:21:45', '2023-12-30 18:08:08', 118.00, NULL),
(25, 'পর্দা তোমার রবের বিধান', 'প্রকাশনী : পথিক প্রকাশন', 'কভার : পেপার ব্যাক', 'product_images/m4SXuJTALzTq460dkET2HGFku34wFDOXbQl95CTo.jpg', NULL, 'লেখক : জাকারিয়া মাসুদ', 20.00, 20.00, 0, 2, '2023-12-29 20:00:22', '2023-12-29 20:00:22', 14.00, NULL),
(26, 'মুক্ত বাতাসের খোঁজে', 'প্রকাশনী : ইলম হাউজ পাবলিকেশন', 'রিভিউ লেখক : Nabil Zawad‎\r\n.\r\nপর্নোগ্রাফি…. ইতস্তত বোধ করবেন না, এদিক ওদিক তাকিয়ে স্ক্রল ডাউন করে চলে যাবেন না। নিজেরই ক্ষতি করবেন। তো যা বলছিলাম, বইটা লিখা পর্নোগ্রাফি নিয়ে, পর্নাসক্তি নিয়ে। সাইবার ক্রাইম, ধর্ষণ, হত্যা, সমকামিতা, অজাচার, মানব পাচার, পরিবার ভাঙন,মাদকাসক্তি – এমন হাজারো বীভৎস গল্পের মূল হোতা এই মরনব্যাধি কীভাবে আমাদের উসখুস করা নিষ্পাপ চেহারাগুলোকে চুপেচুপে স্রেফ গিলে ফেলছে তা নিয়ে লিখা, ব্যক্তি-পরিবার-সমাজ কীভাবে এই নীল দুনিয়ার ক্ষুধার্ত লালসার লুপে পড়ে অক্সিজেনের অভাবে হাঁসফাঁস করে ডুবে মরছে তা নিয়ে লিখা। এ মৃত্যু মানসিক মৃত্যু, শারীরিক মৃত্যু। কষ্টহীন মৃত্যু হলেও হত, নাহ এ তীব্র যন্ত্রণা দিয়ে যায়। এতটুকু লেখা বইটার 125 পৃষ্ঠা ব্যাপী ‘অনিবার্য যত ক্ষয়’ অধ্যায়টা উঁকি মেরে দেখানো অনেকটা। ‘‘সামান্য বিনোদন’’, ‘‘এটা একটা আর্ট’’, ‘‘আমি তো কারো ক্ষতি করছি না, বরং নিজেকে সংযত রাখছি অন্য কারোর সাথে এমন না করে’’- ভদ্র মুখোশের আড়ালে এইসব অজুহাত যে সমাজে কত পশু তৈরি করেছে, করে চলছে এর সামান্য ধারনা পাবেন এই অধ্যায়ে।আমি পাঠক সমাজকে সাবধান করে দিচ্ছি, অনেক লিখাই হজম করতে কষ্ট হবে, দুনিয়ার কদর্য রূপ সম্পর্কে খুব কমই সচেতন, খুব কমই সতর্ক আমরা এটা নতুন করে উপলব্ধি করবেন এই বইয়ে। বইটা পড়া শুরু করে মাঝপথে এসে দম বন্ধ হয়ে আসছে বলে মনে হলেও প্লিজ চলে যাবেন না। আপনি মুখ লুকালেও সত্য কখনো বদলাবে না, সব সমস্যা আপনাআপনি ঠিক হয়ে যাবে না। তাহলে কী করবেন? বইটার পরের 106 পেজ ধরে লিখা ‘বৃত্তের বাইরে’ অধ্যায়টি ভালোভাবে পড়ুন, মনোযোগ দিয়ে। লেখক খুব যত্ন নিয়ে ভেঙে ভেঙে আলোচনা করেছেন কীভাবে এই অন্ধকার, স্যাঁতসেঁতে, নোংরা, গ্লানিময় জীবন থেকে বের হয়ে আসা যায়। এটা সবার জানা খুব দরকার। আপনি নিজে বা আপনার পরিবারের সন্তান/ ভাই/ বোন হয়তো এই মরণব্যাধিতে আসক্ত কিংবা আপনার স্বামী বা স্ত্রী! কীভাবে সামলাবেন পরিস্থিতি? কীভাবে নিজে বের হয়ে আসবেন? এসবের উত্তর দেয়া আছে এখানে। প্রয়োজন শুধু মনের জেদ আর আপ্রাণ চেষ্টা করে যাওয়া। বইয়ের একদম শেষের লেখাটা (‘মুক্ত বাতাসের খোঁজে’) অনেক অনুপ্রেরণা দিবে।', 'product_images/IGZgRd145LsCssjSpNSUn1qfVR0SrdRHDHbSgRpr.jpg', NULL, 'লেখক : লস্ট মডেস্টি ব্লগ', 230.00, 220.00, 0, 2, '2023-12-29 22:39:00', '2023-12-29 22:39:00', 190.00, NULL),
(27, 'মুক্ত বাতাসের খোঁজে, আকাশের ওপারে আকাশ (প্যাকেজ)', 'প্রকাশনী : ইলম হাউজ পাবলিকেশন', 'বিষয় : আত্মশুদ্ধি ও অনুপ্রেরণা, বিভিন্ন আসক্তি এবং তার নিরাময়\r\nকভার : পেপার ব্যাক', 'product_images/t15m5q4WRCIfe1eLKVXCtf6redylVg7pAdYMBrqP.jpg', NULL, 'লেখক : লস্ট মডেস্টি ব্লগ', 510.00, 490.00, 0, 2, '2023-12-29 23:00:37', '2023-12-29 23:00:37', 430.00, NULL),
(28, 'আকাশের ওপারে আকাশ', 'প্রকাশনী : ইলম হাউজ পাবলিকেশন', 'বিষয় : আত্মশুদ্ধি ও অনুপ্রেরণা, বিভিন্ন আসক্তি এবং তার নিরাময়\r\nকভার : পেপার ব্যাক', 'product_images/haJrw1nD7xia4ECHjF5nZ1kmi3KTwjskty7My72V.jpg', NULL, 'লেখক : লস্ট মডেস্টি ব্লগ', 280.00, 270.00, 0, 2, '2023-12-29 23:02:41', '2023-12-29 23:02:41', 240.00, NULL),
(29, 'নবী জীবনের গল্প', 'প্রকাশনী : সমকালীন প্রকাশন', 'পৃষ্ঠা : 144, \r\nকভার : পেপার ব্যাক,', 'product_images/2sE0AbpAOq2Y2xk04pznxt8AzHWzFu0NeuXYGMbb.png', NULL, 'লেখক: আরিফ আজাদ', 245.00, 122.00, 0, 2, '2023-12-29 23:06:54', '2023-12-30 18:14:42', 105.00, NULL),
(30, 'নবী জীবনের গল্প', 'প্রকাশনী : সমকালীন প্রকাশন', 'পৃষ্ঠা : 144, \r\nকভার : পেপার ব্যাক, \r\nসংস্করণ : 1st Published, 2021', 'product_images/kxukYsF9zlPVjKzh0muWHaEF1u7YABV1twEUKvp0.png', NULL, 'লেখক: আরিফ আজাদ', 245.00, 122.00, 0, 2, '2023-12-30 18:11:12', '2023-12-30 18:11:12', 105.00, NULL),
(31, 'চিরকুট', 'প্রকাশনী : নিয়ন পাবলিকেশন', 'পৃষ্ঠা: 128\r\nকভার: হার্ড কভার', 'product_images/7LIrmHERPJxdd5dwUrib7o8jtgLA9st26MCLUk6x.jpg', NULL, 'লেখক : ফাতিমা আফরিন', 250.00, 170.00, 0, 2, '2023-12-30 18:29:49', '2023-12-30 18:29:49', 150.00, NULL),
(32, 'ফিতনা থেকে বাঁচার উপায়', 'প্রকাশনী : ফাতিহ প্রকাশন', 'পৃষ্ঠা : 64, \r\nকভার : পেপার ব্যাক', 'product_images/B09DqCCvbE8qLFfAvoa705fQGm3gZEaE4zklYSrU.jpg', NULL, 'লেখক : শাইখুল ইসলাম মুফতী মুহাম্মাদ তাকী উসমানী', 115.00, 80.00, 0, 2, '2023-12-30 18:32:32', '2023-12-30 18:32:32', 65.00, NULL),
(33, 'আরজ আলী সমীপে', 'প্রকাশনী : সমকালীন প্রকাশন', 'কভার: পেপারব্যাক', 'product_images/AuSR7YYcXPrDMWaCB3dlSBYMZ0OVczMcJbFJ6SmD.png', NULL, 'লেখক: আরিফ আজাদ', 260.00, 130.00, 0, 2, '2023-12-30 18:39:20', '2023-12-30 18:39:20', 112.00, NULL),
(34, 'এবার ভিন্ন কিছু হোক', 'প্রকাশনী : সমকালীন প্রকাশন', 'পৃষ্ঠা : 200, \r\nকভার : পেপার ব্যাক', 'product_images/nw47MyMHhVr1pwV3RlmaHITCcmArUThIoSP01wMh.jpg', NULL, 'লেখক: আরিফ আজাদ', 340.00, 170.00, 0, 2, '2023-12-30 18:41:52', '2023-12-30 18:41:52', 146.00, NULL),
(35, 'মা মা মা এবং বাবা', 'প্রকাশনী : সমকালীন প্রকাশন', 'পৃষ্ঠা : 176\r\nকভার : পেপার ব্যাক', 'product_images/A8MvPIRGVA8LkRxS8ASNjVI8sbcmv3eFzooO8j0B.jpg', NULL, 'লেখক: আরিফ আজাদ', 260.00, 130.00, 0, 2, '2023-12-30 18:44:19', '2023-12-30 18:44:19', 112.00, NULL),
(36, 'কাঠগোলাপ', 'প্রকাশনী : নবকথন প্রকাশন', 'পৃষ্ঠা: 96\r\nকভার: হার্ড কভার', 'product_images/rvtPZjfOFAfLL3mKj5GR124hnuCwc9eT7MLgmr64.jpg', NULL, 'লেখক: ইমরান হোসাইন আদিব', 240.00, 160.00, 0, 2, '2023-12-30 18:56:23', '2023-12-30 20:24:52', 144.00, NULL),
(37, 'আর রাহীকুল মাখতুম', 'প্রকাশনী : মাকতাবায়ে জাকারিয়া', 'পৃষ্ঠা: 800\r\nকভার: হার্ড কভার', 'product_images/Tr2MPKVLQLf4K1JyO9ksI0YHbUdT37uI90gGNGs1.jpg', NULL, 'লেখক : আল্লামা সফিউর রহমান মুবারকপুরী (রহ.)', 800.00, 300.00, 0, 2, '2023-12-30 19:11:24', '2023-12-30 19:11:24', 180.00, NULL),
(38, 'ট্রান্সজেন্ডার মতবাদ', 'প্রকাশনী : বাতায়ন প্রকাশন', 'পৃষ্ঠা: 52\r\nকভার: পেপারব্যাক', 'product_images/LkjsBv1uBKolJFNCBkxwZziPfHFBoHjGQMmtQCWp.jpg', NULL, 'লেখক: আসিফ আদনান', 15.00, 15.00, 0, 2, '2023-12-30 19:17:33', '2024-01-06 10:59:33', 14.00, NULL),
(39, 'চিন্তাপরাধ', 'প্রকাশনী : ইলম হাউজ পাবলিকেশন', 'পৃষ্ঠা - 192\r\nকভার: হার্ড কভার', 'product_images/pdP01NKdt8kuzKQRczLiIK4SJuqGQffKdNwIn5IB.jpg', NULL, 'লেখক: আসিফ আদনান', 190.00, 180.00, 0, 2, '2023-12-30 22:11:04', '2023-12-30 22:11:04', 160.00, NULL),
(40, 'নামাজের দিকে এসো', 'প্রকাশনী : সাবিল পাবলিকেশন', 'কভার: পেপারব্যাক', 'product_images/ktbrDXEzIwdriRipZgT9pIOvJVsOLGTIbL7NaUY3.jpg', NULL, 'লেখক : জাকারিয়া মাসুদ', 20.00, 20.00, 1, 2, '2023-12-31 14:14:07', '2024-01-05 23:41:12', 14.00, NULL),
(41, 'তাসাওউফ ও আত্মশুদ্ধি', 'প্রকাশনী : মাকতাবায়ে জাকারিয়া', 'কভার: হার্ড কভার', 'product_images/Ic2R2XRW4lDdDzWpuBLrtcl1dJDksTPzRxN9chfi.jpg', NULL, 'লেখক: শাইখুল ইসলাম জাস্টিস তাকি উসমানী হাফি', 520.00, 190.00, 0, 2, '2023-12-31 22:30:22', '2023-12-31 22:30:22', 100.00, NULL),
(42, 'গল্পগুলো অন্যরকম', 'প্রকাশনী : সমকালীন প্রকাশন', 'কভার: পেপারব্যাক', 'product_images/Tjfbv7PjwwWIgJDdqh07U7pFRPq3D7mcOjd4KLcU.jpg', NULL, 'লেখক: আরিফ আজাদ', 350.00, 175.00, 0, 2, '2024-01-02 19:12:03', '2024-01-02 19:12:03', 150.00, NULL),
(43, 'শয়তানের থাবা : আক্রমণ ও কৌশল', 'প্রকাশনী : বুকিশ পাবলিশার', 'পৃষ্ঠা : 220\r\nকভার : পেপার ব্যাক', 'product_images/dKCf1pjL64jHiXWV67z6VF8azg2EFLHMpKF1B8CV.jpg', NULL, 'লেখক : নোমান আলী খান', 220.00, 210.00, 0, 2, '2024-01-02 23:53:10', '2024-01-02 23:53:10', 176.00, NULL),
(44, 'আর-রাহীকুল মাখতুম', 'প্রকাশনী : তাওহীদ পাবলিকেশন্স', 'পৃষ্ঠা : 559\r\nকভার : হার্ড কভার', 'product_images/5Ruv8SGPbTlgI3mX8TbwiqGvDESEmMWadf24nfJ7.png', NULL, 'লেখক : আল্লামা সফিউর রহমান মুবারকপুরী (রহ.)', 750.00, 470.00, 0, 2, '2024-01-03 16:01:51', '2024-01-03 16:01:51', 370.00, NULL),
(45, 'অপেক্ষা', 'প্রকাশনী : আফসার ব্রাদার্স', 'পৃষ্ঠা: 220', 'product_images/vNrH2C9IP4JzuFHFDRAtF5X3PDrTj38pbY2RMsHw.png', NULL, 'লেখক হুমায়ন আহমেদ', 400.00, 280.00, 0, 2, '2024-01-04 23:59:53', '2024-01-04 23:59:53', 240.00, NULL),
(46, 'রিচার্জ ইয়োর ডাউন ব্যাটারি', 'প্রকাশনী : আদর্শ', 'বিষয় : ছাত্রজীবন উন্নয়ন\r\nপৃষ্ঠা : 120', 'product_images/XroS2paYzyritWDFy2C8J12cZ8x7sxtWfiQFzahn.jpg', NULL, 'লেখক : ঝংকার মাহবুব', 300.00, 225.00, 0, 3, '2024-01-06 10:39:56', '2024-01-06 10:39:56', 189.00, NULL),
(47, 'প্রোগ্রামিংয়ের বলদ টু বস', 'প্রকাশনী : আদর্শ', 'বিষয় : কম্পিউটার প্রোগ্রামিং\r\nপৃষ্ঠা : 128\r\nকভার : হার্ড কভার', 'product_images/uStTBnOlAFmdtox3ZfHNUcstba8KonwDFlLQCCX6.jpg', NULL, 'লেখক : ঝংকার মাহবুব', 300.00, 225.00, 0, 3, '2024-01-06 10:46:12', '2024-01-06 11:46:41', 180.00, NULL),
(48, 'কমিউনিকেশন হ্যাকস', 'প্রকাশনী : অধ্যয়ন', 'বিষয় : যোগাযোগ\r\nপৃষ্ঠা : 144', 'product_images/9Ph8oWLPAfIkqL3MmzJbEkM9cqRrDssT2fOHPJzM.jpg', NULL, 'লেখক : আয়মান সাদিক, সাদমান সাদিক', 270.00, 200.00, 0, 3, '2024-01-06 10:52:21', '2024-01-06 10:52:21', 150.00, NULL),
(49, 'কিয়ামতের আলামত ও শেষ যুগের ভয়াবহ ফিতনা', 'প্রকাশনী : সমকালীন প্রকাশন', 'পৃষ্ঠা : 696, \r\nকভার : হার্ড কভার', 'product_images/24THC0EHOm7qUcxKCvxkjiJF05hvCnYDedIarB9K.jpg', NULL, 'লেখক : মীযান হারুন', 960.00, 480.00, 0, 2, '2024-01-06 23:07:22', '2024-01-06 23:07:22', 413.00, NULL),
(50, 'ইংরেজিতে অতি দুর্বলদের জন্য SPOKEN FIGHTER', 'প্রকাশনী : রাহাত\'স ইংলিশ কেয়ার', 'পৃষ্ঠা : 304\r\nকভার : হার্ড কভার', 'product_images/DMoMibQU24ksptam0MvaUTvOjTAWxJKr8aTFWp0X.jpg', NULL, 'লেখক : রাহাত খান', 370.00, 360.00, 0, 3, '2024-01-07 10:58:28', '2024-01-07 10:58:28', 310.00, NULL),
(51, 'ম্যাসেজ', 'প্রকাশনী : গার্ডিয়ান পাবলিকেশন', 'পৃষ্ঠা : 296, \r\nকভার : হার্ড কভার\r\nভাষা : বাংলা', 'product_images/zipOHRZHpF8dpdXDzPXdu2wi5r9tYtH1ia1ZG2cp.jpg', NULL, 'লেখক: মিজানুর রহমান আজহারী', 300.00, 280.00, 0, 2, '2024-01-07 18:44:51', '2024-01-07 18:44:51', 240.00, NULL),
(52, 'আহ্বান', 'প্রকাশনী : গার্ডিয়ান পাবলিকেশন', 'কভার : হার্ড কভার', 'product_images/uc4ckeYzO40SM9R5Ho8N9eNy4SmL7qVPv1NYzhsX.jpg', NULL, 'লেখক: মিজানুর রহমান আজহারী', 290.00, 275.00, 0, 2, '2024-01-07 19:03:31', '2024-01-07 19:03:31', 232.00, NULL),
(53, 'শয়তানের বিরুদ্ধে লড়াই', 'প্রকাশনী : রাইয়ান প্রকাশন', 'পৃষ্ঠা : 144 \r\nকভার : পেপার ব্যাক', 'product_images/GPJPcckAk6NERndnkry5zHHhu2C6sePfw88ZxTTU.jpg', NULL, 'লেখক : মাহমুদ বিন নূর', 220.00, 150.00, 0, 2, '2024-01-08 20:45:57', '2024-01-08 20:45:57', 132.00, NULL),
(54, 'নফসের বিরুদ্ধে লড়াই', 'প্রকাশনী : রাইয়ান প্রকাশন', 'পৃষ্ঠা : 143\r\nকভার : পেপার ব্যাক', 'product_images/fkp1rtaVE2rIKC5Vm900hosLy6BFTPAX66yaMWUr.jpg', NULL, 'লেখক : মাহমুদ বিন নূর', 220.00, 150.00, 0, 2, '2024-01-08 20:49:49', '2024-01-08 20:49:49', 132.00, NULL),
(55, 'ইসলামের ইতিহাস (নববী যুগ থেকে বর্তমান)', 'প্রকাশনী : মাকতাবাতুল আসলাফ', 'অনুবাদক: কাজী আবুল কালাম সিদ্দীক \r\nসম্পাদক: মীযান হারুন \r\nপৃষ্ঠা: 360 \r\nকভার: হার্ডকভার', 'product_images/MI6n8yeSM9UyhpsqSmPnsFBBF8lIi4cOvZhNuPVv.jpg', NULL, 'লেখক : ড. মুহাম্মাদ ইবরাহিম আশ-শারিকি', 500.00, 340.00, 0, 2, '2024-01-08 21:36:40', '2024-01-08 21:36:40', 300.00, NULL),
(56, 'বই: সাতকাহন', 'প্রকাশনী : প্রিমিয়াম পাবলিকেশন', 'বিষয়: উপন্যাস', 'product_images/PUSxVC2BgaavJ2SliSi8tsRlRqDjqM6NYN6TNwqS.jpg', NULL, 'লেখক: সমরেশ মজুমদার', 750.00, 220.00, 0, 3, '2024-01-25 12:30:53', '2024-01-25 12:30:53', 180.00, NULL),
(57, 'মরনজয়ী', 'প্রকাশনী : বাংলাদেশ কো-অপারেটিভ বুক সোসাইটি লিঃ', 'অনুবাদক: সৈয়দ আবদুল মান্নান \r\nপৃষ্ঠা: 192', 'product_images/GQ0JIYWL339Awt9uY6iGijlaouuL0eRmZfLnscpf.jpg', NULL, 'নসীম হিজাযী', 200.00, 130.00, 0, 2, '2024-01-25 15:18:56', '2024-01-25 19:20:34', 110.00, NULL),
(58, 'জার্সি প্যাকেজ', 'প্রকাশনী : সত্যায়ন প্রকাশন', 'পৃষ্ঠা : 184\r\nকভার : পেপার ব্যাক', 'product_images/jbNw7bvycEZApZI3guUe3D7kTJKjuFARpNmbKBtt.png', NULL, 'লেখক: আরিফ আজাদ', 730.00, 600.00, 0, 2, '2024-01-25 19:17:00', '2024-01-25 19:17:00', 502.00, NULL),
(59, 'হায়াতের দিন ফুরোলে', 'প্রকাশনী : সত্যায়ন প্রকাশন', 'পৃষ্ঠা : 184\r\nকভার : পেপার ব্যাক', 'product_images/5K48fbhZDkvVG7VY6NNAkSAyktTPcN1abMk86A3m.jpg', NULL, 'লেখক: আরিফ আজাদ', 330.00, 230.00, 0, 2, '2024-01-25 19:19:45', '2024-01-25 19:19:45', 182.00, NULL),
(60, '24 ঘন্টার আমল', 'প্রকাশনী : হসন্ত প্রকাশন', 'পৃষ্ঠা : 31\r\nকভার : পেপার ব্যাক', 'product_images/eDzGsgkzknZUFtaVqviq2OkMPU2wpbEeFc5Yq4Pf.jpg', NULL, 'প্রকাশনী : হসন্ত প্রকাশন', 20.00, 15.00, 0, 2, '2024-01-29 22:51:35', '2024-01-29 22:51:35', 13.00, NULL),
(61, 'হিসনুল মুসলিম', 'প্রকাশনী : মাকতাবায়ে জাকারিয়া', 'কভার: পেপারব্যাক', 'product_images/Cqy81opFFXNFZWTGf52XQtphIhieighUjQXKyhC8.jpg', NULL, 'লেখক : ড. সাঈদ ইবন আলী ইবন ওয়াহফ আল - ক্বাহত্বানী', 250.00, 65.00, 0, 2, '2024-01-29 23:05:06', '2024-01-29 23:05:06', 45.00, NULL),
(62, 'হিসনে হাসীন', 'প্রকাশনী : মিনা বুক হাউস', 'বিষয় : দুআ ও যিকির', 'product_images/UpGLXXc0PxsBiCQJHjrM11SFEUtu9FqH1haPYeYa.jpg', NULL, 'লেখক : ইমাম মুহাম্মদ আল জাজরী (রহ)', 300.00, 150.00, 0, 2, '2024-02-06 13:49:39', '2024-02-06 13:49:39', 140.00, NULL),
(63, 'আল আযকার (দাওয়াহ)', 'প্রকাশনী: মাকতাবাতুস সুন্নাহ (বাংলাবাজার)', 'পৃষ্ঠা : 1008\r\nকভার : হার্ড কভার', 'product_images/aj4jNkzeQNF5FyhECdKtCMuqi7MfacOrzKoMPDpT.jpg', NULL, 'লেখক : ইমাম মুহিউদ্দীন ইয়াহইয়া আন-নববী (র)', 1390.00, 340.00, 0, 2, '2024-02-06 14:38:33', '2024-02-06 14:38:33', 250.00, NULL),
(64, 'যায় বেলা অবেলায়', 'প্রকাশনী: মদীনা পাবলিকেশান্স', 'ভাষা: বাংলা', 'product_images/X9cIBP0FY7hhE1L9aTpC5CxUjO58Jh5Ec3ZFOg0M.jpg', NULL, 'লেখক: শফিউদ্দিন সরকার', 90.00, 75.00, 0, 2, '2024-02-06 14:43:05', '2024-02-06 14:43:05', 65.00, NULL),
(65, 'হতে চাই আলোকিত জ্ঞানী', 'প্রকাশনী : রাহাবার পাবলিকেশন্স', 'সম্পাদনা পরিষদঃ শায়খ আহমাদুল্লাহ , হাফেজ মুফতি সাইফুল ইসলাম , মুহাম্মদ ইকবাল , শাহাদাৎ হুসাইন খান ফয়সাল\r\nপৃষ্ঠা 490', 'product_images/PBrpCBd9iwwtBAqQOjgjm7DzHLOi2bv0wWzx7S1K.jpg', NULL, 'লেখক: শাহাদাৎ হুসাইন খান', 500.00, 400.00, 0, 2, '2024-02-06 14:46:43', '2024-02-06 14:46:43', 350.00, NULL),
(66, 'আল্লাহর অপার অনুগ্রহের বারিধারা', 'প্রকাশনী: MADRASAYE ISLAMIA DARULULOOM SUDHANYAPUR', 'পৃষ্ঠা: 432', 'product_images/peUm1Z3T2oxx480bia9zjevsyZN5Qq7Uw0UfHH6B.png', NULL, 'লেখক: শায়খ মুফতি মুশতাকুন্নবী হাফিজাহুল্লাহ', 700.00, 430.00, 0, 2, '2024-02-06 14:51:45', '2024-02-06 14:51:45', 380.00, NULL),
(67, 'মিনহাজুল আবেদীন', 'প্রকাশনী : আশরাফিয়া বুক হাউস', 'পৃষ্ঠা : 256\r\nকভার : হার্ড কভার', 'product_images/snnkQOH9OntjJPKiXdjdvJKiCSnWg3dWnQf4w1bl.png', NULL, 'লেখক : হুজ্জাতুল ইসলাম ইমাম গাযযালী রহ.', 300.00, 150.00, 0, 2, '2024-02-06 14:54:23', '2024-02-06 14:54:23', 135.00, NULL);

INSERT INTO `sell_transactions` (`id`, `account_id`, `from`, `amount`, `created_at`, `updated_at`) VALUES
(2, 12, 'Steadfast', 9306.00, '2023-10-16 16:04:42', '2023-10-16 16:04:42');
INSERT INTO `sell_transactions` (`id`, `account_id`, `from`, `amount`, `created_at`, `updated_at`) VALUES
(3, 12, 'SteadFast', 11137.00, '2023-10-18 20:03:51', '2023-10-18 20:03:51');
INSERT INTO `sell_transactions` (`id`, `account_id`, `from`, `amount`, `created_at`, `updated_at`) VALUES
(4, 13, 'jannatul mawa baki cilo', 300.00, '2023-10-21 03:51:58', '2023-10-21 03:51:58');
INSERT INTO `sell_transactions` (`id`, `account_id`, `from`, `amount`, `created_at`, `updated_at`) VALUES
(5, 12, 'Steadfast 10-22', 7732.00, '2023-10-22 19:25:53', '2023-10-22 19:25:53'),
(6, 13, 'Imtiaz #0391', 2550.00, '2023-10-25 13:48:41', '2023-10-25 13:48:41'),
(7, 12, 'stead fast 28-10', 7599.00, '2023-10-28 22:19:36', '2023-10-28 22:19:36'),
(8, 12, 'Ahmed Sahin #0396', 355.00, '2023-10-28 22:31:11', '2023-10-28 22:31:11'),
(9, 13, 'Imtiaz #0394', 370.00, '2023-10-28 22:33:22', '2023-10-28 22:33:22'),
(10, 13, 'Imtiaz #0394', 1350.00, '2023-10-28 22:34:12', '2023-10-28 22:34:12'),
(11, 13, 'Imtiaz #0394', 665.00, '2023-10-29 13:58:26', '2023-10-29 13:58:26'),
(12, 13, 'Mona #387', 1730.00, '2023-10-29 15:27:48', '2023-10-29 15:27:48'),
(13, 13, 'Mona #387 Vul kore buy kora hoice tai jukto korar jonno abar sell dewa holo', 1730.00, '2023-10-29 15:28:29', '2023-10-29 15:28:29'),
(14, 12, 'stead fast 30-10', 5702.00, '2023-10-30 17:41:46', '2023-10-30 17:41:46'),
(15, 12, 'Imtiaz #0394', 50.00, '2023-11-02 16:42:22', '2023-11-02 16:42:22'),
(16, 13, 'Imtiaz #0405 02-11', 3630.00, '2023-11-02 16:45:18', '2023-11-02 16:45:18'),
(17, 13, 'Imtiaz #0405 02-11', 960.00, '2023-11-02 18:33:48', '2023-11-02 18:33:48'),
(18, 12, 'Steadfast 02-11', 3881.00, '2023-11-02 18:34:29', '2023-11-02 18:34:29'),
(19, 13, 'Imtiaz #407 06-11-2023', 1350.00, '2023-11-07 18:35:53', '2023-11-07 18:35:53'),
(20, 13, 'হাসিব #0423', 600.00, '2023-11-08 19:42:45', '2023-11-08 19:42:45'),
(21, 13, 'Afsana Mimi #0432', 390.00, '2023-11-12 03:32:55', '2023-11-12 03:32:55'),
(22, 13, 'Umme Tabassum #0452', 340.00, '2023-11-12 19:53:37', '2023-11-12 19:53:37'),
(23, 12, 'Steadfast new 14-11-2023', 7682.00, '2023-11-15 03:22:08', '2023-11-15 03:22:08'),
(24, 13, 'Return Charge #0440', 50.00, '2023-11-15 03:22:57', '2023-11-15 03:22:57'),
(25, 13, 'Picchi #0466 paid', 230.00, '2023-11-15 03:23:34', '2023-11-15 03:23:34'),
(26, 12, 'stead fast 15-11-2023', 3772.00, '2023-11-21 00:12:16', '2023-11-21 00:12:16'),
(27, 12, 'SteadFast 16-11-2023', 3128.00, '2023-11-21 00:12:51', '2023-11-21 00:12:51'),
(28, 12, 'SteadFast 19-11-2023', 4054.00, '2023-11-21 00:13:37', '2023-11-21 00:13:37'),
(29, 12, 'steadfast 20-11-2023', 2505.00, '2023-11-21 00:15:27', '2023-11-21 00:15:27'),
(30, 12, 'Steadfast 20-11-2023', 752.00, '2023-11-21 05:03:28', '2023-11-21 05:03:28'),
(31, 12, 'Steadfast (OLD WEBSITE ATKE THAKAK) 26-11-2023', 6128.00, '2023-11-27 00:01:51', '2023-11-27 00:01:51'),
(32, 12, 'Steadfast 06-12-2023', 3653.00, '2023-12-06 01:26:22', '2023-12-06 01:26:22'),
(33, 13, '#0479 Sagor', 240.00, '2023-12-10 15:01:44', '2023-12-10 15:01:44'),
(34, 12, 'Imtiaz #0517', 1140.00, '2023-12-10 15:02:33', '2023-12-10 15:02:33'),
(35, 12, 'Steadfast 10-12-2023', 6197.00, '2023-12-10 15:03:40', '2023-12-10 15:03:40'),
(36, 12, 'Steadfast 15-12-2023', 12900.00, '2023-12-18 14:48:18', '2023-12-18 14:48:18'),
(37, 13, '#0524 Ralkib 11-12-2023', 241.00, '2023-12-18 14:55:35', '2023-12-18 14:55:35'),
(38, 13, '#0553 D. Shafiqul 2bare', 1320.00, '2023-12-18 14:59:24', '2023-12-18 14:59:24'),
(39, 13, '#0559 Papiya 16-12-2023', 240.00, '2023-12-18 15:00:34', '2023-12-18 15:00:34'),
(40, 13, '#0560 Romana 16-12-2023', 250.00, '2023-12-18 15:01:17', '2023-12-18 15:01:17'),
(41, 12, '#0563 Sumaiya Yeasmin 18-12-2023', 1460.00, '2023-12-18 15:02:59', '2023-12-18 15:02:59'),
(42, 12, 'Steadfast 18-12-2023', 5475.00, '2023-12-18 15:03:57', '2023-12-18 15:03:57'),
(43, 12, 'Steadfast 20-11-2023', 6861.00, '2023-12-25 19:38:32', '2023-12-25 19:38:32'),
(44, 12, 'Steadfast 25-12-2023', 7811.00, '2023-12-25 19:39:23', '2023-12-25 19:39:23'),
(45, 13, 'Raihan Kabir #590', 510.00, '2024-01-05 21:54:44', '2024-01-05 21:54:44'),
(46, 13, 'ফয়সাল পারভেজ #605 31-12-2023', 220.00, '2024-01-05 21:58:24', '2024-01-05 21:58:24'),
(47, 13, 'Tanvir Ahmed Abdullah	INV-0632 04-01-2024', 490.00, '2024-01-05 22:05:46', '2024-01-05 22:05:46'),
(50, 12, '28-12-2023 Steadfast', 1218.00, '2024-01-05 22:36:55', '2024-01-05 22:36:55'),
(51, 12, 'Steadfast 05-01-2024', 5866.00, '2024-01-05 22:39:34', '2024-01-05 22:39:34'),
(52, 12, 'Steadfast 07-01-2024', 2272.00, '2024-01-24 16:50:59', '2024-01-24 16:50:59'),
(53, 12, 'Steadfast 10-01-2024', 2059.00, '2024-01-24 16:51:17', '2024-01-24 16:51:17'),
(54, 12, 'Steadfast 07-01-2024', 3420.00, '2024-01-24 16:51:43', '2024-01-24 16:51:43'),
(55, 12, 'Steadfast 13-01-2024', 6247.00, '2024-01-24 16:52:17', '2024-01-24 16:52:17'),
(56, 12, 'Steadfast 14-01-2024', 2119.00, '2024-01-24 16:52:42', '2024-01-24 16:52:42'),
(57, 12, 'Steadfast 21-01-2024', 3145.00, '2024-01-24 16:53:12', '2024-01-24 16:53:12'),
(58, 13, '003 24-01-24', 250.00, '2024-01-31 15:25:55', '2024-01-31 15:25:55'),
(59, 13, '739 25-01-24', 220.00, '2024-01-31 15:26:25', '2024-01-31 15:26:25'),
(60, 13, '161 27-01-24', 250.00, '2024-01-31 15:27:43', '2024-01-31 15:27:43'),
(61, 13, '553  27-01-2024', 200.00, '2024-01-31 15:28:20', '2024-01-31 15:28:20'),
(62, 13, '335 27-01-2024', 650.00, '2024-01-31 15:28:53', '2024-01-31 15:28:53'),
(63, 13, 'Shajalal I bank 27-01-2024', 270.00, '2024-01-31 15:29:42', '2024-01-31 15:29:42'),
(64, 13, 'Sahjalal I Bank 28-01-2024', 550.00, '2024-01-31 15:35:18', '2024-01-31 15:35:18'),
(65, 12, '540 (2bare) 24-01-2024', 300.00, '2024-01-31 15:39:42', '2024-01-31 15:39:42'),
(66, 12, '422 26-01-2024', 250.00, '2024-01-31 15:40:51', '2024-01-31 15:40:51'),
(67, 12, 'Steadfast 26-01-2024', 4435.00, '2024-01-31 15:41:59', '2024-01-31 15:41:59'),
(68, 12, '541 28-01-2024', 380.00, '2024-01-31 15:43:22', '2024-01-31 15:43:22'),
(69, 12, 'Steadfast 30-01-2024', 2485.00, '2024-01-31 15:44:37', '2024-01-31 15:44:37'),
(70, 12, '995 02-02-2024', 310.00, '2024-02-11 17:14:06', '2024-02-11 17:14:06'),
(71, 12, '540 03-02-2024', 220.00, '2024-02-11 17:14:40', '2024-02-11 17:14:40'),
(72, 12, 'Steadfast 06-02-2024', 1064.00, '2024-02-11 17:16:12', '2024-02-11 17:16:12'),
(73, 12, 'Steadfast 08-02-2024', 1960.00, '2024-02-11 17:20:04', '2024-02-11 17:20:04'),
(74, 12, '703 08-02-2024', 180.00, '2024-02-11 17:20:38', '2024-02-11 17:20:38'),
(75, 12, 'Steadfast 09-02-2024', 1534.00, '2024-02-11 17:24:24', '2024-02-11 17:24:24'),
(76, 12, '929 10-02-2024', 240.00, '2024-02-11 17:24:47', '2024-02-11 17:24:47'),
(77, 12, 'Steadfast 11-02-2024', 3019.00, '2024-02-11 17:25:14', '2024-02-11 17:25:14'),
(78, 12, '540 11-02-2024', 240.00, '2024-02-11 19:31:24', '2024-02-11 19:31:24'),
(79, 12, '558 11-02-2024', 470.00, '2024-02-11 20:45:33', '2024-02-11 20:45:33'),
(80, 12, 'Benjir Delivery Charge', 410.00, '2024-02-12 18:09:08', '2024-02-12 18:09:08'),
(81, 12, 'Steadfast 13-02-2024', 1178.00, '2024-02-13 17:13:38', '2024-02-13 17:13:38'),
(82, 12, '666 15-02-2024', 140.00, '2024-02-15 11:47:50', '2024-02-15 11:47:50'),
(83, 12, 'stead fast 15-02-2024', 5767.00, '2024-02-20 18:21:59', '2024-02-20 18:21:59'),
(84, 12, 'Steadfast 17-02-2024', 1693.00, '2024-02-20 18:22:43', '2024-02-20 18:22:43'),
(85, 12, 'Steadfast 19-02-2024', 1287.00, '2024-02-20 18:23:50', '2024-02-20 18:23:50'),
(86, 12, '881 20-02-2024', 575.00, '2024-02-20 18:24:18', '2024-02-20 18:24:18'),
(87, 13, '095 17-02-2024', 1190.00, '2024-02-20 18:28:36', '2024-02-20 18:28:36'),
(88, 13, '283 18-02-2024', 410.00, '2024-02-20 18:30:23', '2024-02-20 18:30:23'),
(89, 13, '380 19-02-2024', 350.00, '2024-02-20 18:30:50', '2024-02-20 18:30:50'),
(90, 13, '737 20-02-2024', 280.00, '2024-02-20 22:44:09', '2024-02-20 22:44:09'),
(91, 13, '849 21-02-2024', 625.00, '2024-02-21 10:53:22', '2024-02-21 10:53:22'),
(92, 12, 'Steadfast 22-02-2024', 2930.00, '2024-02-22 13:47:20', '2024-02-22 13:47:20'),
(93, 13, '023 22-02-2024', 480.00, '2024-02-22 15:31:08', '2024-02-22 15:31:08'),
(94, 13, '730 22-02-2024', 480.00, '2024-02-24 23:56:24', '2024-02-24 23:56:24'),
(95, 13, 'CashIn 717 23-02-2024', 385.00, '2024-02-24 23:57:56', '2024-02-24 23:57:56'),
(96, 13, '077 24-02-2024', 270.00, '2024-02-24 23:58:29', '2024-02-24 23:58:29'),
(97, 13, '813 24-02-2024', 390.00, '2024-02-24 23:58:50', '2024-02-24 23:58:50'),
(98, 12, 'SteadFast 25-02-2024', 2940.00, '2024-02-25 00:28:23', '2024-02-25 00:28:23'),
(99, 13, '164 27-02-2024', 176.00, '2024-02-28 22:32:14', '2024-02-28 22:32:14'),
(100, 13, '923 27-02-2024', 25.00, '2024-02-28 22:32:39', '2024-02-28 22:32:39'),
(101, 12, '26-02-2024', 1346.00, '2024-02-28 22:33:55', '2024-02-28 22:33:55'),
(102, 12, '540 28-02-2024', 430.00, '2024-02-28 22:34:21', '2024-02-28 22:34:21'),
(103, 13, 'Locally sell to jakariya ( Hayater din furale)', 440.00, '2024-02-28 22:45:59', '2024-02-28 22:45:59'),
(104, 13, 'Locallly Sell to Mithu akter 29-02-2024', 315.00, '2024-03-02 01:51:53', '2024-03-02 01:51:53'),
(105, 13, 'Throw Islami bank 29-02-2024', 490.00, '2024-03-02 01:52:35', '2024-03-02 01:52:35'),
(106, 13, '919 29-02-2024', 650.00, '2024-03-02 01:53:09', '2024-03-02 01:53:09'),
(107, 13, '372 01-03-2024', 180.00, '2024-03-02 01:53:47', '2024-03-02 01:53:47'),
(108, 13, '399 01-03-2024', 530.00, '2024-03-02 01:54:10', '2024-03-02 01:54:10'),
(109, 12, 'Steadfast 02-03-2024', 1841.00, '2024-03-02 01:54:51', '2024-03-02 01:54:51'),
(110, 13, '220 02-03-2024', 100.00, '2024-03-03 15:50:32', '2024-03-03 15:50:32'),
(111, 13, '594 02-03-2024', 350.00, '2024-03-03 15:51:09', '2024-03-03 15:51:09'),
(112, 13, '594 02-03-2024', 125.00, '2024-03-03 15:51:39', '2024-03-03 15:51:39'),
(113, 13, '594 03-03-2024', 60.00, '2024-03-03 15:52:03', '2024-03-03 15:52:03'),
(114, 13, '531', 340.00, '2024-03-03 15:52:22', '2024-03-03 15:52:22'),
(115, 12, '597 02-03-2024', 320.00, '2024-03-03 15:57:01', '2024-03-03 15:57:01'),
(116, 12, '526 03-03-2024', 320.00, '2024-03-03 15:57:27', '2024-03-03 15:57:27'),
(117, 13, '008 03-03-2024', 140.00, '2024-03-03 19:51:52', '2024-03-03 19:51:52'),
(118, 13, '856 03-02-2024', 310.00, '2024-03-04 03:02:20', '2024-03-04 03:02:20'),
(119, 13, 'Rocket Er taka (in bkash) 03-03-2024', 3200.00, '2024-03-04 16:55:12', '2024-03-04 16:55:12'),
(120, 12, 'মোঃ নাসিম লেমন joma 500', 500.00, '2024-03-04 16:57:22', '2024-03-04 16:57:22'),
(121, 12, 'শাহাদাত হোসেন শাকিল  jersey paid', 410.00, '2024-03-04 16:57:46', '2024-03-04 16:57:46'),
(122, 12, 'নাফিউল ইসলাম jersey Paid', 410.00, '2024-03-04 16:58:12', '2024-03-04 16:58:12'),
(123, 13, '164 04-03-2024', 198.00, '2024-03-05 10:59:05', '2024-03-05 10:59:05'),
(124, 13, '941 04-03-2024', 170.00, '2024-03-05 10:59:22', '2024-03-05 10:59:22'),
(125, 13, '212 05-03-2024', 400.00, '2024-03-07 23:45:21', '2024-03-07 23:45:21'),
(126, 13, '030 05-03-2024', 380.00, '2024-03-07 23:45:54', '2024-03-07 23:45:54'),
(127, 13, '919 05-03-2024', 1180.00, '2024-03-07 23:46:19', '2024-03-07 23:46:19'),
(128, 13, '336 05-03-2024', 340.00, '2024-03-07 23:46:38', '2024-03-07 23:46:38'),
(129, 13, '251 06-03-2024', 300.00, '2024-03-07 23:47:36', '2024-03-07 23:47:36'),
(130, 13, '524 06-03-2024', 340.00, '2024-03-07 23:48:56', '2024-03-07 23:48:56'),
(131, 13, '397 06-03-2024', 340.00, '2024-03-07 23:50:04', '2024-03-07 23:50:04'),
(132, 13, '856 06-03-2024', 125.00, '2024-03-07 23:50:42', '2024-03-07 23:50:42');
INSERT INTO `sell_transactions` (`id`, `account_id`, `from`, `amount`, `created_at`, `updated_at`) VALUES
(133, 13, '634 07-03-2024', 340.00, '2024-03-07 23:52:11', '2024-03-07 23:52:11'),
(134, 13, '895 07-03-2024', 6315.00, '2024-03-07 23:52:37', '2024-03-07 23:52:37'),
(135, 13, '136 07-03-2024', 610.00, '2024-03-07 23:53:16', '2024-03-07 23:53:16'),
(136, 12, 'Steadfast 06-03-2024', 1851.00, '2024-03-07 23:55:34', '2024-03-07 23:55:34'),
(137, 12, '606 07-03-2024', 840.00, '2024-03-07 23:56:00', '2024-03-07 23:56:00'),
(138, 12, 'Steadfast 07-03-2024', 3287.00, '2024-03-07 23:56:25', '2024-03-07 23:56:25'),
(140, 12, '167 07-03-2024', 110.00, '2024-03-08 00:08:46', '2024-03-08 00:08:46'),
(141, 13, '400 08-03-2024', 607.00, '2024-03-08 08:17:32', '2024-03-08 08:17:32'),
(142, 12, '946 08-03-2024', 175.00, '2024-03-08 13:46:24', '2024-03-08 13:46:24'),
(143, 12, 'Steadfast 08-03-2024', 5423.00, '2024-03-08 16:07:52', '2024-03-08 16:07:52'),
(144, 13, '988  08-03-2024', 400.00, '2024-03-08 17:09:30', '2024-03-08 17:09:30'),
(145, 13, '185 08-03-2024', 340.00, '2024-03-08 20:22:18', '2024-03-08 20:22:18'),
(146, 12, 'Steadfast 09-03-2024 (ager 13taka beshi tola cilo komano holo)', 5269.00, '2024-03-09 10:53:16', '2024-03-09 10:53:16'),
(147, 13, '544 08-03-2013', 345.00, '2024-03-09 10:56:02', '2024-03-09 10:56:02'),
(148, 13, '411 09-03-2024', 340.00, '2024-03-09 10:56:54', '2024-03-09 10:56:54'),
(149, 12, '3770 09-03-2024', 500.00, '2024-03-09 22:21:34', '2024-03-09 22:21:34'),
(150, 13, '4532 09-03-2024', 220.00, '2024-03-09 22:22:49', '2024-03-09 22:22:49'),
(151, 13, '9717 09-03-2024', 340.00, '2024-03-09 22:23:12', '2024-03-09 22:23:12'),
(152, 13, '6420 09-03-2024', 540.00, '2024-03-09 22:23:31', '2024-03-09 22:23:31'),
(153, 12, '7167 10-03-2024', 530.00, '2024-03-10 16:23:46', '2024-03-10 16:23:46'),
(154, 13, '8823 10-03-2024', 40.00, '2024-03-11 12:10:24', '2024-03-11 12:10:24'),
(155, 13, '4629  10-03-2024', 180.00, '2024-03-11 12:10:48', '2024-03-11 12:10:48'),
(156, 13, '9968  10-03-2024', 1140.00, '2024-03-11 12:11:04', '2024-03-11 12:11:04'),
(157, 12, '58 (11-03-2024)', 760.00, '2024-03-11 22:21:39', '2024-03-11 22:21:39'),
(158, 13, '0400 12-03-2024', 210.00, '2024-03-12 13:33:29', '2024-03-12 13:33:29'),
(159, 16, 'Delivery Tiger 12-03-2024 total one payment hold', 8230.00, '2024-03-12 13:35:32', '2024-03-12 13:35:32'),
(160, 16, 'Delivery Tiger 12-03-2024 total All payment clear One percel hold', 2492.00, '2024-03-13 14:04:49', '2024-03-13 14:04:49'),
(161, 16, 'Steadfast 13-03-2024', 2386.00, '2024-03-13 14:05:17', '2024-03-13 14:05:17'),
(162, 13, '4757 13-03-2024', 340.00, '2024-03-13 15:17:23', '2024-03-13 15:17:23'),
(163, 16, 'Steadfast 14-03-2024', 3386.00, '2024-03-15 00:48:50', '2024-03-15 00:48:50'),
(164, 13, '5955  14-03-2024', 610.00, '2024-03-15 00:50:09', '2024-03-15 00:50:09'),
(165, 12, '2989 14-03-2024', 675.00, '2024-03-15 00:51:16', '2024-03-15 00:51:16'),
(166, 16, 'Steadfast 15-03-2024', 8044.00, '2024-03-15 00:54:47', '2024-03-15 00:54:47'),
(167, 13, '15-03-2024 0554', 295.00, '2024-03-23 03:42:46', '2024-03-23 03:42:46'),
(168, 13, '15-03-2024 6253', 510.00, '2024-03-23 03:43:09', '2024-03-23 03:43:09'),
(169, 13, '15-03-2024  8166', 200.00, '2024-03-23 03:43:29', '2024-03-23 03:43:29'),
(170, 13, '17-03-2024 4075', 1470.00, '2024-03-23 03:43:57', '2024-03-23 03:43:57'),
(171, 13, '18-03-2024  8856', 110.00, '2024-03-23 03:44:22', '2024-03-23 03:44:22'),
(172, 13, '19-03-2024 5026', 340.00, '2024-03-23 03:44:47', '2024-03-23 03:44:47'),
(173, 12, '19-03-2024 3540', 560.00, '2024-03-23 03:44:59', '2024-03-23 03:44:59'),
(174, 13, '20-03-2024 8856', 125.00, '2024-03-23 03:45:26', '2024-03-23 03:45:26'),
(175, 13, '20-03-2024 5555', 70.00, '2024-03-23 03:45:42', '2024-03-23 03:45:42'),
(176, 12, '20-03-2024 2829', 630.00, '2024-03-23 03:45:53', '2024-03-23 03:45:53'),
(177, 13, '21-03-2024 8856', 135.00, '2024-03-23 03:46:56', '2024-03-23 03:46:56'),
(178, 13, '21-03-2024 5476', 900.00, '2024-03-23 03:47:10', '2024-03-23 03:47:10'),
(179, 12, '21-03-2024  9198', 470.00, '2024-03-23 03:47:20', '2024-03-23 03:47:20'),
(180, 13, '22-03-2024 8856', 110.00, '2024-03-23 03:47:40', '2024-03-23 03:47:40'),
(181, 13, '22-03-2024  2737', 390.00, '2024-03-23 03:47:59', '2024-03-23 03:47:59'),
(182, 13, '22-03-2024 8856', 240.00, '2024-03-23 03:48:48', '2024-03-23 03:48:48'),
(183, 12, 'Steadfast 23-03-2024', 8554.00, '2024-03-23 12:03:09', '2024-03-23 12:03:09'),
(184, 12, '9944 23-03-2024', 530.00, '2024-03-23 23:26:22', '2024-03-23 23:26:22'),
(185, 13, '7026 25-03-2024', 500.00, '2024-03-24 17:22:32', '2024-03-24 17:22:32'),
(186, 13, '0838 24-03-2024', 260.00, '2024-03-24 18:10:40', '2024-03-24 18:10:40'),
(187, 12, '2052 24-03-2024', 330.00, '2024-03-24 22:16:39', '2024-03-24 22:16:39'),
(188, 13, '2702 24-03-2024', 260.00, '2024-03-25 12:08:21', '2024-03-25 12:08:21'),
(189, 13, '5011 25-03-2024', 580.00, '2024-03-25 12:08:49', '2024-03-25 12:08:49'),
(190, 13, '4469 25-03-2024', 580.00, '2024-03-25 15:24:16', '2024-03-25 15:24:16'),
(191, 12, '6545 25-03-2024', 520.00, '2024-03-25 15:28:37', '2024-03-25 15:28:37'),
(192, 13, '8856 25-03-2024', 110.00, '2024-03-25 19:09:06', '2024-03-25 19:09:06'),
(193, 12, '9147 26-03-2024 2bar', 80.00, '2024-03-27 13:48:56', '2024-03-27 13:48:56'),
(194, 13, '1185 27-03-2024', 260.00, '2024-03-27 19:39:21', '2024-03-27 19:39:21'),
(195, 16, '24-03-2024 Steadfast', 2237.00, '2024-03-29 02:52:55', '2024-03-29 02:52:55'),
(196, 16, '27-03-2024 Steadfast', 2267.00, '2024-03-29 02:53:20', '2024-03-29 02:53:20'),
(197, 13, '29-03-2024 8193', 330.00, '2024-03-30 15:00:12', '2024-03-30 15:00:12'),
(198, 13, '30-03-2024 5080', 550.00, '2024-03-30 15:00:34', '2024-03-30 15:00:34'),
(199, 12, '4865 30-03-2024', 500.00, '2024-03-31 00:38:59', '2024-03-31 00:38:59'),
(200, 13, '8856 31-03-2024', 285.00, '2024-03-31 00:39:56', '2024-03-31 00:39:56'),
(201, 13, '8895 31-03-2024', 330.00, '2024-04-03 04:18:09', '2024-04-03 04:18:09'),
(202, 13, '8856 31-03-2024', 160.00, '2024-04-03 04:18:32', '2024-04-03 04:18:32'),
(203, 13, '3533 31-03-2024', 520.00, '2024-04-03 04:20:05', '2024-04-03 04:20:05'),
(204, 13, '9658 31-03-2024', 260.00, '2024-04-03 04:20:44', '2024-04-03 04:20:44'),
(205, 13, '2710 01-04-2024', 330.00, '2024-04-03 04:21:30', '2024-04-03 04:21:30'),
(206, 13, '7795 01-04-2024', 255.00, '2024-04-03 04:21:55', '2024-04-03 04:21:55'),
(207, 16, '01-04-2024', 2841.00, '2024-04-03 04:28:28', '2024-04-03 04:28:28'),
(208, 16, '04-04-2024 Steadfast', 2124.00, '2024-04-04 16:58:58', '2024-04-04 16:58:58'),
(209, 12, 'Steadfast 06-04-2024', 1119.00, '2024-04-08 01:42:52', '2024-04-08 01:42:52'),
(210, 13, '07-04-2024 (2 number theke bkash a 0017 & 0311)', 120.00, '2024-04-08 01:44:44', '2024-04-08 01:44:44'),
(211, 16, 'Customer 07-04-2024 (Rocket a diche 5 taka cashout charge dhore account a jukto korlam)', 385.00, '2024-04-08 01:46:09', '2024-04-08 01:46:09');

INSERT INTO `users` (`id`, `name`, `email`, `phone_number`, `email_verified_at`, `password`, `remember_token`, `created_at`, `updated_at`) VALUES
(1, 'ahsan habib', 'ahb@mail.com', '01619884739', NULL, '$2y$10$TeMi7YcAUqTpFNhO6j9fKO3PunQVVDw83hfceOPXhXPDu2bXuglUG', '72n36vNaGuvRjRcEH8jx1sg7I4R4mUJTn1tH3UxKUFgYTD6ynQIB1KvGhPQM', '2023-09-28 02:34:32', '2023-09-28 02:34:32');



/*!40101 SET SQL_MODE=@OLD_SQL_MODE */;
/*!40014 SET FOREIGN_KEY_CHECKS=@OLD_FOREIGN_KEY_CHECKS */;
/*!40014 SET UNIQUE_CHECKS=@OLD_UNIQUE_CHECKS */;
/*!40101 SET CHARACTER_SET_CLIENT=@OLD_CHARACTER_SET_CLIENT */;
/*!40101 SET CHARACTER_SET_RESULTS=@OLD_CHARACTER_SET_RESULTS */;
/*!40101 SET COLLATION_CONNECTION=@OLD_COLLATION_CONNECTION */;
/*!40111 SET SQL_NOTES=@OLD_SQL_NOTES */;